"","State","Month","Age_Group","Vaccine","Population"
"1","Alabama","Apr",1,60.3,22.23251232
"2","Alabama","Apr",2,30.7,42.68965517
"3","Alabama","Apr",3,48.8,12.74482759
"4","Alabama","Apr",4,70.9,15.98029557
"5","Alabama","Aug",1,NA,22.23251232
"6","Alabama","Aug",2,NA,42.68965517
"7","Alabama","Aug",3,NA,12.74482759
"8","Alabama","Aug",4,1.9,15.98029557
"9","Alabama","Dec",1,52.3,22.23251232
"10","Alabama","Dec",2,24.6,42.68965517
"11","Alabama","Dec",3,40.4,12.74482759
"12","Alabama","Dec",4,62.4,15.98029557
"13","Alabama","Feb",1,58.7666666666667,22.23251232
"14","Alabama","Feb",2,29.8,42.68965517
"15","Alabama","Feb",3,47.4,12.74482759
"16","Alabama","Feb",4,68.8,15.98029557
"17","Alabama","Jan",1,55.6,22.23251232
"18","Alabama","Jan",2,28.2,42.68965517
"19","Alabama","Jan",3,43.8,12.74482759
"20","Alabama","Jan",4,66.5,15.98029557
"21","Alabama","Jul",1,NA,22.23251232
"22","Alabama","Jul",2,NA,42.68965517
"23","Alabama","Jul",3,NA,12.74482759
"24","Alabama","Jul",4,NA,15.98029557
"25","Alabama","Mar",1,59.6666666666667,22.23251232
"26","Alabama","Mar",2,30.4,42.68965517
"27","Alabama","Mar",3,48.2,12.74482759
"28","Alabama","Mar",4,70.1,15.98029557
"29","Alabama","May",1,60.3,22.23251232
"30","Alabama","May",2,30.7,42.68965517
"31","Alabama","May",3,51.5,12.74482759
"32","Alabama","May",4,71.5,15.98029557
"33","Alabama","Nov",1,48,22.23251232
"34","Alabama","Nov",2,22,42.68965517
"35","Alabama","Nov",3,37.1,12.74482759
"36","Alabama","Nov",4,58.7,15.98029557
"37","Alabama","Oct",1,37.7,22.23251232
"38","Alabama","Oct",2,17.2,42.68965517
"39","Alabama","Oct",3,28.4,12.74482759
"40","Alabama","Oct",4,45.4,15.98029557
"41","Alabama","Sep",1,16.9333333333333,22.23251232
"42","Alabama","Sep",2,5.9,42.68965517
"43","Alabama","Sep",3,9,12.74482759
"44","Alabama","Sep",4,14,15.98029557
"45","Alaska","Apr",1,54.9,0.334886557
"46","Alaska","Apr",2,32.8,0.593017326
"47","Alaska","Apr",3,40.4,0.164902277
"48","Alaska","Apr",4,61.2,0.149831505
"49","Alaska","Aug",1,5.46666666666667,0.334886557
"50","Alaska","Aug",2,NA,0.593017326
"51","Alaska","Aug",3,NA,0.164902277
"52","Alaska","Aug",4,NA,0.149831505
"53","Alaska","Dec",1,46.6333333333333,0.334886557
"54","Alaska","Dec",2,25.8,0.593017326
"55","Alaska","Dec",3,34.5,0.164902277
"56","Alaska","Dec",4,51.6,0.149831505
"57","Alaska","Feb",1,53.1,0.334886557
"58","Alaska","Feb",2,32.3,0.593017326
"59","Alaska","Feb",3,37.7,0.164902277
"60","Alaska","Feb",4,56.7,0.149831505
"61","Alaska","Jan",1,50.1333333333333,0.334886557
"62","Alaska","Jan",2,29.1,0.593017326
"63","Alaska","Jan",3,36.4,0.164902277
"64","Alaska","Jan",4,55.2,0.149831505
"65","Alaska","Jul",1,NA,0.334886557
"66","Alaska","Jul",2,NA,0.593017326
"67","Alaska","Jul",3,NA,0.164902277
"68","Alaska","Jul",4,NA,0.149831505
"69","Alaska","Mar",1,54.6,0.334886557
"70","Alaska","Mar",2,32.5,0.593017326
"71","Alaska","Mar",3,40.4,0.164902277
"72","Alaska","Mar",4,58.7,0.149831505
"73","Alaska","May",1,54.9,0.334886557
"74","Alaska","May",2,34.8,0.593017326
"75","Alaska","May",3,40.4,0.164902277
"76","Alaska","May",4,61.2,0.149831505
"77","Alaska","Nov",1,42.8666666666667,0.334886557
"78","Alaska","Nov",2,24.1,0.593017326
"79","Alaska","Nov",3,31.4,0.164902277
"80","Alaska","Nov",4,48.8,0.149831505
"81","Alaska","Oct",1,33.5333333333333,0.334886557
"82","Alaska","Oct",2,17.6,0.593017326
"83","Alaska","Oct",3,23.1,0.164902277
"84","Alaska","Oct",4,36.1,0.149831505
"85","Alaska","Sep",1,13.7,0.334886557
"86","Alaska","Sep",2,6.6,0.593017326
"87","Alaska","Sep",3,8.2,0.164902277
"88","Alaska","Sep",4,11.7,0.149831505
"89","Arizona","Apr",1,56.2333333333333,15.01469527
"90","Arizona","Apr",2,30.8,28.06972774
"91","Arizona","Apr",3,45.5,7.586983686
"92","Arizona","Apr",4,64.3,10.96337622
"93","Arizona","Aug",1,6.96666666666667,15.01469527
"94","Arizona","Aug",2,NA,28.06972774
"95","Arizona","Aug",3,1.4,7.586983686
"96","Arizona","Aug",4,1.9,10.96337622
"97","Arizona","Dec",1,49.6,15.01469527
"98","Arizona","Dec",2,24.9,28.06972774
"99","Arizona","Dec",3,38.3,7.586983686
"100","Arizona","Dec",4,55.9,10.96337622
"101","Arizona","Feb",1,54.4666666666667,15.01469527
"102","Arizona","Feb",2,29,28.06972774
"103","Arizona","Feb",3,43.8,7.586983686
"104","Arizona","Feb",4,61.9,10.96337622
"105","Arizona","Jan",1,52.9666666666667,15.01469527
"106","Arizona","Jan",2,26.8,28.06972774
"107","Arizona","Jan",3,42,7.586983686
"108","Arizona","Jan",4,60.4,10.96337622
"109","Arizona","Jul",1,NA,15.01469527
"110","Arizona","Jul",2,NA,28.06972774
"111","Arizona","Jul",3,NA,7.586983686
"112","Arizona","Jul",4,NA,10.96337622
"113","Arizona","Mar",1,55.5333333333333,15.01469527
"114","Arizona","Mar",2,30.8,28.06972774
"115","Arizona","Mar",3,45.1,7.586983686
"116","Arizona","Mar",4,64,10.96337622
"117","Arizona","May",1,56.2333333333333,15.01469527
"118","Arizona","May",2,31.6,28.06972774
"119","Arizona","May",3,45.5,7.586983686
"120","Arizona","May",4,64.4,10.96337622
"121","Arizona","Nov",1,43.5333333333333,15.01469527
"122","Arizona","Nov",2,21.9,28.06972774
"123","Arizona","Nov",3,35.7,7.586983686
"124","Arizona","Nov",4,52.5,10.96337622
"125","Arizona","Oct",1,34.4,15.01469527
"126","Arizona","Oct",2,16.2,28.06972774
"127","Arizona","Oct",3,28.8,7.586983686
"128","Arizona","Oct",4,42.2,10.96337622
"129","Arizona","Sep",1,16.5666666666667,15.01469527
"130","Arizona","Sep",2,5.4,28.06972774
"131","Arizona","Sep",3,8.8,7.586983686
"132","Arizona","Sep",4,15.4,10.96337622
"133","Arkansas","Apr",1,63.5666666666667,13.99135862
"134","Arkansas","Apr",2,34.4,25.41334614
"135","Arkansas","Apr",3,47.7,7.301008161
"136","Arkansas","Apr",4,62.8,9.392222756
"137","Arkansas","Aug",1,NA,13.99135862
"138","Arkansas","Aug",2,NA,25.41334614
"139","Arkansas","Aug",3,NA,7.301008161
"140","Arkansas","Aug",4,NA,9.392222756
"141","Arkansas","Dec",1,57.8,13.99135862
"142","Arkansas","Dec",2,28.1,25.41334614
"143","Arkansas","Dec",3,41.9,7.301008161
"144","Arkansas","Dec",4,56,9.392222756
"145","Arkansas","Feb",1,63.1333333333333,13.99135862
"146","Arkansas","Feb",2,33.7,25.41334614
"147","Arkansas","Feb",3,44.9,7.301008161
"148","Arkansas","Feb",4,61.3,9.392222756
"149","Arkansas","Jan",1,60.7,13.99135862
"150","Arkansas","Jan",2,31.7,25.41334614
"151","Arkansas","Jan",3,43.9,7.301008161
"152","Arkansas","Jan",4,59.9,9.392222756
"153","Arkansas","Jul",1,NA,13.99135862
"154","Arkansas","Jul",2,0,25.41334614
"155","Arkansas","Jul",3,0,7.301008161
"156","Arkansas","Jul",4,NA,9.392222756
"157","Arkansas","Mar",1,63.5666666666667,13.99135862
"158","Arkansas","Mar",2,34.4,25.41334614
"159","Arkansas","Mar",3,46.7,7.301008161
"160","Arkansas","Mar",4,62.5,9.392222756
"161","Arkansas","May",1,63.5666666666667,13.99135862
"162","Arkansas","May",2,34.4,25.41334614
"163","Arkansas","May",3,47.7,7.301008161
"164","Arkansas","May",4,62.8,9.392222756
"165","Arkansas","Nov",1,54.3333333333333,13.99135862
"166","Arkansas","Nov",2,26.7,25.41334614
"167","Arkansas","Nov",3,39.8,7.301008161
"168","Arkansas","Nov",4,52.7,9.392222756
"169","Arkansas","Oct",1,41.4666666666667,13.99135862
"170","Arkansas","Oct",2,19.1,25.41334614
"171","Arkansas","Oct",3,29,7.301008161
"172","Arkansas","Oct",4,39.2,9.392222756
"173","Arkansas","Sep",1,14.1666666666667,13.99135862
"174","Arkansas","Sep",2,4.3,25.41334614
"175","Arkansas","Sep",3,6.8,7.301008161
"176","Arkansas","Sep",4,10,9.392222756
"177","California","Apr",1,63.2,59.78470633
"178","California","Apr",2,33,122.5000481
"179","California","Apr",3,43.6,30.37577017
"180","California","Apr",4,68.2,35.75362402
"181","California","Aug",1,7.56666666666667,59.78470633
"182","California","Aug",2,1.7,122.5000481
"183","California","Aug",3,1.6,30.37577017
"184","California","Aug",4,2,35.75362402
"185","California","Dec",1,55.1333333333333,59.78470633
"186","California","Dec",2,25.6,122.5000481
"187","California","Dec",3,35.1,30.37577017
"188","California","Dec",4,57,35.75362402
"189","California","Feb",1,61.2333333333333,59.78470633
"190","California","Feb",2,30.6,122.5000481
"191","California","Feb",3,41.9,30.37577017
"192","California","Feb",4,64.3,35.75362402
"193","California","Jan",1,59.2,59.78470633
"194","California","Jan",2,28.7,122.5000481
"195","California","Jan",3,39.9,30.37577017
"196","California","Jan",4,61.7,35.75362402
"197","California","Jul",1,NA,59.78470633
"198","California","Jul",2,NA,122.5000481
"199","California","Jul",3,NA,30.37577017
"200","California","Jul",4,NA,35.75362402
"201","California","Mar",1,63.0666666666667,59.78470633
"202","California","Mar",2,31.6,122.5000481
"203","California","Mar",3,43.3,30.37577017
"204","California","Mar",4,66.3,35.75362402
"205","California","May",1,64.5333333333333,59.78470633
"206","California","May",2,33.7,122.5000481
"207","California","May",3,43.8,30.37577017
"208","California","May",4,69,35.75362402
"209","California","Nov",1,51.4666666666667,59.78470633
"210","California","Nov",2,21.9,122.5000481
"211","California","Nov",3,31.6,30.37577017
"212","California","Nov",4,51,35.75362402
"213","California","Oct",1,39.0666666666667,59.78470633
"214","California","Oct",2,15.2,122.5000481
"215","California","Oct",3,24.8,30.37577017
"216","California","Oct",4,40.3,35.75362402
"217","California","Sep",1,20.2666666666667,59.78470633
"218","California","Sep",2,6.1,122.5000481
"219","California","Sep",3,9.3,30.37577017
"220","California","Sep",4,15,35.75362402
"221","Colorado","Apr",1,64.3,12.74269739
"222","Colorado","Apr",2,37.5,26.39448568
"223","Colorado","Apr",3,52.6,6.755037116
"224","Colorado","Apr",4,70.3,7.662199942
"225","Colorado","Aug",1,5.16666666666667,12.74269739
"226","Colorado","Aug",2,1.3,26.39448568
"227","Colorado","Aug",3,1.1,6.755037116
"228","Colorado","Aug",4,1.6,7.662199942
"229","Colorado","Dec",1,57.9666666666667,12.74269739
"230","Colorado","Dec",2,30.9,26.39448568
"231","Colorado","Dec",3,45.9,6.755037116
"232","Colorado","Dec",4,62,7.662199942
"233","Colorado","Feb",1,63.7,12.74269739
"234","Colorado","Feb",2,35,26.39448568
"235","Colorado","Feb",3,50.8,6.755037116
"236","Colorado","Feb",4,67.5,7.662199942
"237","Colorado","Jan",1,60.8666666666667,12.74269739
"238","Colorado","Jan",2,33.1,26.39448568
"239","Colorado","Jan",3,49,6.755037116
"240","Colorado","Jan",4,64.8,7.662199942
"241","Colorado","Jul",1,NA,12.74269739
"242","Colorado","Jul",2,NA,26.39448568
"243","Colorado","Jul",3,NA,6.755037116
"244","Colorado","Jul",4,NA,7.662199942
"245","Colorado","Mar",1,64.0666666666667,12.74269739
"246","Colorado","Mar",2,36.3,26.39448568
"247","Colorado","Mar",3,51.4,6.755037116
"248","Colorado","Mar",4,69.1,7.662199942
"249","Colorado","May",1,64.3,12.74269739
"250","Colorado","May",2,38.1,26.39448568
"251","Colorado","May",3,52.6,6.755037116
"252","Colorado","May",4,70.4,7.662199942
"253","Colorado","Nov",1,54.2666666666667,12.74269739
"254","Colorado","Nov",2,27.5,26.39448568
"255","Colorado","Nov",3,43.1,6.755037116
"256","Colorado","Nov",4,58.4,7.662199942
"257","Colorado","Oct",1,43.7666666666667,12.74269739
"258","Colorado","Oct",2,20,26.39448568
"259","Colorado","Oct",3,32.8,6.755037116
"260","Colorado","Oct",4,48.6,7.662199942
"261","Colorado","Sep",1,16.0333333333333,12.74269739
"262","Colorado","Sep",2,5.8,26.39448568
"263","Colorado","Sep",3,8.4,6.755037116
"264","Colorado","Sep",4,16,7.662199942
"265","Connecticut","Apr",1,74.3666666666667,158.4520124
"266","Connecticut","Apr",2,38.1,329.6800826
"267","Connecticut","Apr",3,52.8,105.3457172
"268","Connecticut","Apr",4,75.4,121.9607843
"269","Connecticut","Aug",1,5.5,158.4520124
"270","Connecticut","Aug",2,NA,329.6800826
"271","Connecticut","Aug",3,1.1,105.3457172
"272","Connecticut","Aug",4,1.2,121.9607843
"273","Connecticut","Dec",1,67.4666666666667,158.4520124
"274","Connecticut","Dec",2,32.6,329.6800826
"275","Connecticut","Dec",3,48,105.3457172
"276","Connecticut","Dec",4,67.8,121.9607843
"277","Connecticut","Feb",1,72.7333333333333,158.4520124
"278","Connecticut","Feb",2,37.4,329.6800826
"279","Connecticut","Feb",3,52.2,105.3457172
"280","Connecticut","Feb",4,72.7,121.9607843
"281","Connecticut","Jan",1,70.8333333333333,158.4520124
"282","Connecticut","Jan",2,35,329.6800826
"283","Connecticut","Jan",3,50.8,105.3457172
"284","Connecticut","Jan",4,70.7,121.9607843
"285","Connecticut","Jul",1,NA,158.4520124
"286","Connecticut","Jul",2,NA,329.6800826
"287","Connecticut","Jul",3,NA,105.3457172
"288","Connecticut","Jul",4,NA,121.9607843
"289","Connecticut","Mar",1,74.3666666666667,158.4520124
"290","Connecticut","Mar",2,38.1,329.6800826
"291","Connecticut","Mar",3,52.3,105.3457172
"292","Connecticut","Mar",4,73.8,121.9607843
"293","Connecticut","May",1,75.5,158.4520124
"294","Connecticut","May",2,40.5,329.6800826
"295","Connecticut","May",3,53.8,105.3457172
"296","Connecticut","May",4,75.4,121.9607843
"297","Connecticut","Nov",1,60.3666666666667,158.4520124
"298","Connecticut","Nov",2,29.1,329.6800826
"299","Connecticut","Nov",3,43.9,105.3457172
"300","Connecticut","Nov",4,62.3,121.9607843
"301","Connecticut","Oct",1,43.8666666666667,158.4520124
"302","Connecticut","Oct",2,20.1,329.6800826
"303","Connecticut","Oct",3,32.4,105.3457172
"304","Connecticut","Oct",4,47,121.9607843
"305","Connecticut","Sep",1,18.2333333333333,158.4520124
"306","Connecticut","Sep",2,3.7,329.6800826
"307","Connecticut","Sep",3,6.3,105.3457172
"308","Connecticut","Sep",4,12.3,121.9607843
"309","Delaware","Apr",1,65.8,105.2685422
"310","Delaware","Apr",2,32.7,214.5780051
"311","Delaware","Apr",3,52.6,68.74680307
"312","Delaware","Apr",4,69,90.99744246
"313","Delaware","Aug",1,6.6,105.2685422
"314","Delaware","Aug",2,NA,214.5780051
"315","Delaware","Aug",3,NA,68.74680307
"316","Delaware","Aug",4,NA,90.99744246
"317","Delaware","Dec",1,59.8333333333333,105.2685422
"318","Delaware","Dec",2,26.1,214.5780051
"319","Delaware","Dec",3,47.6,68.74680307
"320","Delaware","Dec",4,64.8,90.99744246
"321","Delaware","Feb",1,65.1666666666667,105.2685422
"322","Delaware","Feb",2,30.3,214.5780051
"323","Delaware","Feb",3,50.7,68.74680307
"324","Delaware","Feb",4,67.6,90.99744246
"325","Delaware","Jan",1,62.7333333333333,105.2685422
"326","Delaware","Jan",2,28.7,214.5780051
"327","Delaware","Jan",3,49.2,68.74680307
"328","Delaware","Jan",4,66.6,90.99744246
"329","Delaware","Jul",1,NA,105.2685422
"330","Delaware","Jul",2,NA,214.5780051
"331","Delaware","Jul",3,NA,68.74680307
"332","Delaware","Jul",4,0,90.99744246
"333","Delaware","Mar",1,65.7,105.2685422
"334","Delaware","Mar",2,30.7,214.5780051
"335","Delaware","Mar",3,52.1,68.74680307
"336","Delaware","Mar",4,68.4,90.99744246
"337","Delaware","May",1,65.8,105.2685422
"338","Delaware","May",2,32.7,214.5780051
"339","Delaware","May",3,52.6,68.74680307
"340","Delaware","May",4,70.1,90.99744246
"341","Delaware","Nov",1,55.0333333333333,105.2685422
"342","Delaware","Nov",2,21.6,214.5780051
"343","Delaware","Nov",3,45,68.74680307
"344","Delaware","Nov",4,57.2,90.99744246
"345","Delaware","Oct",1,40.2666666666667,105.2685422
"346","Delaware","Oct",2,16.5,214.5780051
"347","Delaware","Oct",3,32.4,68.74680307
"348","Delaware","Oct",4,45.9,90.99744246
"349","Delaware","Sep",1,18.4666666666667,105.2685422
"350","Delaware","Sep",2,5.8,214.5780051
"351","Delaware","Sep",3,11.1,68.74680307
"352","Delaware","Sep",4,16.6,90.99744246
"353","Florida","Apr",1,53.9,81.4360057
"354","Florida","Apr",2,25.3,172.6521844
"355","Florida","Apr",3,33.9,52.40661518
"356","Florida","Apr",4,60.7,79.5173806
"357","Florida","Aug",1,9.1,81.4360057
"358","Florida","Aug",2,1.7,172.6521844
"359","Florida","Aug",3,1.6,52.40661518
"360","Florida","Aug",4,2.3,79.5173806
"361","Florida","Dec",1,49.1333333333333,81.4360057
"362","Florida","Dec",2,19.9,172.6521844
"363","Florida","Dec",3,27.8,52.40661518
"364","Florida","Dec",4,50,79.5173806
"365","Florida","Feb",1,52.9,81.4360057
"366","Florida","Feb",2,23.9,172.6521844
"367","Florida","Feb",3,31.9,52.40661518
"368","Florida","Feb",4,57.7,79.5173806
"369","Florida","Jan",1,51.5666666666667,81.4360057
"370","Florida","Jan",2,22.3,172.6521844
"371","Florida","Jan",3,30.6,52.40661518
"372","Florida","Jan",4,54.5,79.5173806
"373","Florida","Jul",1,NA,81.4360057
"374","Florida","Jul",2,NA,172.6521844
"375","Florida","Jul",3,NA,52.40661518
"376","Florida","Jul",4,NA,79.5173806
"377","Florida","Mar",1,53.9,81.4360057
"378","Florida","Mar",2,24.9,172.6521844
"379","Florida","Mar",3,33.8,52.40661518
"380","Florida","Mar",4,59.8,79.5173806
"381","Florida","May",1,54.3333333333333,81.4360057
"382","Florida","May",2,25.3,172.6521844
"383","Florida","May",3,33.9,52.40661518
"384","Florida","May",4,61.1,79.5173806
"385","Florida","Nov",1,45.1666666666667,81.4360057
"386","Florida","Nov",2,17.9,172.6521844
"387","Florida","Nov",3,26.1,52.40661518
"388","Florida","Nov",4,46.2,79.5173806
"389","Florida","Oct",1,36.6,81.4360057
"390","Florida","Oct",2,12.5,172.6521844
"391","Florida","Oct",3,19.8,52.40661518
"392","Florida","Oct",4,35.4,79.5173806
"393","Florida","Sep",1,20.2666666666667,81.4360057
"394","Florida","Sep",2,5.3,172.6521844
"395","Florida","Sep",3,7.8,52.40661518
"396","Florida","Sep",4,13.7,79.5173806
"397","Georgia","Apr",1,54.8333333333333,45.07329201
"398","Georgia","Apr",2,30.5,84.7321259
"399","Georgia","Apr",3,43.4,21.89782282
"400","Georgia","Apr",4,58.4,24.62749702
"401","Georgia","Aug",1,6.8,45.07329201
"402","Georgia","Aug",2,NA,84.7321259
"403","Georgia","Aug",3,1.4,21.89782282
"404","Georgia","Aug",4,1.6,24.62749702
"405","Georgia","Dec",1,49.5333333333333,45.07329201
"406","Georgia","Dec",2,24.6,84.7321259
"407","Georgia","Dec",3,32.6,21.89782282
"408","Georgia","Dec",4,45.4,24.62749702
"409","Georgia","Feb",1,53.7333333333333,45.07329201
"410","Georgia","Feb",2,28.7,84.7321259
"411","Georgia","Feb",3,38.6,21.89782282
"412","Georgia","Feb",4,52.9,24.62749702
"413","Georgia","Jan",1,52.2,45.07329201
"414","Georgia","Jan",2,27,84.7321259
"415","Georgia","Jan",3,36.1,21.89782282
"416","Georgia","Jan",4,50.2,24.62749702
"417","Georgia","Jul",1,NA,45.07329201
"418","Georgia","Jul",2,NA,84.7321259
"419","Georgia","Jul",3,NA,21.89782282
"420","Georgia","Jul",4,NA,24.62749702
"421","Georgia","Mar",1,54.7666666666667,45.07329201
"422","Georgia","Mar",2,29.4,84.7321259
"423","Georgia","Mar",3,43.4,21.89782282
"424","Georgia","Mar",4,57,24.62749702
"425","Georgia","May",1,55.6,45.07329201
"426","Georgia","May",2,30.5,84.7321259
"427","Georgia","May",3,43.4,21.89782282
"428","Georgia","May",4,58.4,24.62749702
"429","Georgia","Nov",1,45.2666666666667,45.07329201
"430","Georgia","Nov",2,21.1,84.7321259
"431","Georgia","Nov",3,28.2,21.89782282
"432","Georgia","Nov",4,43.6,24.62749702
"433","Georgia","Oct",1,36.4333333333333,45.07329201
"434","Georgia","Oct",2,15.6,84.7321259
"435","Georgia","Oct",3,20.4,21.89782282
"436","Georgia","Oct",4,34.7,24.62749702
"437","Georgia","Sep",1,17.4333333333333,45.07329201
"438","Georgia","Sep",2,5.1,84.7321259
"439","Georgia","Sep",3,6,21.89782282
"440","Georgia","Sep",4,14.8,24.62749702
"441","Hawaii","Apr",1,61.2,48.59100109
"442","Hawaii","Apr",2,37.2,94.36400436
"443","Hawaii","Apr",3,47,27.79075199
"444","Hawaii","Apr",4,64.5,40.18371478
"445","Hawaii","Aug",1,8.93333333333333,48.59100109
"446","Hawaii","Aug",2,2.2,94.36400436
"447","Hawaii","Aug",3,1.6,27.79075199
"448","Hawaii","Aug",4,3.1,40.18371478
"449","Hawaii","Dec",1,54.5333333333333,48.59100109
"450","Hawaii","Dec",2,26.3,94.36400436
"451","Hawaii","Dec",3,35,27.79075199
"452","Hawaii","Dec",4,51.1,40.18371478
"453","Hawaii","Feb",1,59.2333333333333,48.59100109
"454","Hawaii","Feb",2,32.9,94.36400436
"455","Hawaii","Feb",3,42.2,27.79075199
"456","Hawaii","Feb",4,60.4,40.18371478
"457","Hawaii","Jan",1,56.6666666666667,48.59100109
"458","Hawaii","Jan",2,30,94.36400436
"459","Hawaii","Jan",3,39.7,27.79075199
"460","Hawaii","Jan",4,56.4,40.18371478
"461","Hawaii","Jul",1,NA,48.59100109
"462","Hawaii","Jul",2,NA,94.36400436
"463","Hawaii","Jul",3,NA,27.79075199
"464","Hawaii","Jul",4,NA,40.18371478
"465","Hawaii","Mar",1,59.7666666666667,48.59100109
"466","Hawaii","Mar",2,35.3,94.36400436
"467","Hawaii","Mar",3,44.2,27.79075199
"468","Hawaii","Mar",4,62.2,40.18371478
"469","Hawaii","May",1,61.6,48.59100109
"470","Hawaii","May",2,38.1,94.36400436
"471","Hawaii","May",3,47.8,27.79075199
"472","Hawaii","May",4,66.8,40.18371478
"473","Hawaii","Nov",1,51.2,48.59100109
"474","Hawaii","Nov",2,22.5,94.36400436
"475","Hawaii","Nov",3,30.5,27.79075199
"476","Hawaii","Nov",4,46.4,40.18371478
"477","Hawaii","Oct",1,40.1666666666667,48.59100109
"478","Hawaii","Oct",2,15.8,94.36400436
"479","Hawaii","Oct",3,23.4,27.79075199
"480","Hawaii","Oct",4,35.4,40.18371478
"481","Hawaii","Sep",1,18.6666666666667,48.59100109
"482","Hawaii","Sep",2,7.5,94.36400436
"483","Hawaii","Sep",3,10.7,27.79075199
"484","Hawaii","Sep",4,17.7,40.18371478
"485","Idaho","Apr",1,49.0666666666667,5.59026477
"486","Idaho","Apr",2,30.6,9.284479946
"487","Idaho","Apr",3,42.1,2.572778577
"488","Idaho","Apr",4,66.4,3.334098682
"489","Idaho","Aug",1,NA,5.59026477
"490","Idaho","Aug",2,NA,9.284479946
"491","Idaho","Aug",3,NA,2.572778577
"492","Idaho","Aug",4,NA,3.334098682
"493","Idaho","Dec",1,44.2,5.59026477
"494","Idaho","Dec",2,27.3,9.284479946
"495","Idaho","Dec",3,36,2.572778577
"496","Idaho","Dec",4,59.9,3.334098682
"497","Idaho","Feb",1,48.5666666666667,5.59026477
"498","Idaho","Feb",2,30.4,9.284479946
"499","Idaho","Feb",3,38.8,2.572778577
"500","Idaho","Feb",4,64.5,3.334098682
"501","Idaho","Jan",1,46.9,5.59026477
"502","Idaho","Jan",2,28.9,9.284479946
"503","Idaho","Jan",3,38.4,2.572778577
"504","Idaho","Jan",4,61.8,3.334098682
"505","Idaho","Jul",1,NA,5.59026477
"506","Idaho","Jul",2,NA,9.284479946
"507","Idaho","Jul",3,0,2.572778577
"508","Idaho","Jul",4,NA,3.334098682
"509","Idaho","Mar",1,49.0666666666667,5.59026477
"510","Idaho","Mar",2,30.4,9.284479946
"511","Idaho","Mar",3,41.9,2.572778577
"512","Idaho","Mar",4,65.9,3.334098682
"513","Idaho","May",1,52.2,5.59026477
"514","Idaho","May",2,30.6,9.284479946
"515","Idaho","May",3,42.1,2.572778577
"516","Idaho","May",4,66.4,3.334098682
"517","Idaho","Nov",1,40.6,5.59026477
"518","Idaho","Nov",2,24.6,9.284479946
"519","Idaho","Nov",3,32.9,2.572778577
"520","Idaho","Nov",4,57.1,3.334098682
"521","Idaho","Oct",1,30.8666666666667,5.59026477
"522","Idaho","Oct",2,18,9.284479946
"523","Idaho","Oct",3,26.2,2.572778577
"524","Idaho","Oct",4,46.2,3.334098682
"525","Idaho","Sep",1,10.4,5.59026477
"526","Idaho","Sep",2,5,9.284479946
"527","Idaho","Sep",3,5.8,2.572778577
"528","Idaho","Sep",4,11.7,3.334098682
"529","Illinois","Apr",1,60.6666666666667,53.34484557
"530","Illinois","Apr",2,31.5,106.0799021
"531","Illinois","Apr",3,41.3,29.67639811
"532","Illinois","Apr",4,67.4,34.63925314
"533","Illinois","Aug",1,6.1,53.34484557
"534","Illinois","Aug",2,2,106.0799021
"535","Illinois","Aug",3,NA,29.67639811
"536","Illinois","Aug",4,2.4,34.63925314
"537","Illinois","Dec",1,53.5666666666667,53.34484557
"538","Illinois","Dec",2,25.4,106.0799021
"539","Illinois","Dec",3,36.8,29.67639811
"540","Illinois","Dec",4,59.6,34.63925314
"541","Illinois","Feb",1,58.5666666666667,53.34484557
"542","Illinois","Feb",2,30.4,106.0799021
"543","Illinois","Feb",3,40.6,29.67639811
"544","Illinois","Feb",4,64.1,34.63925314
"545","Illinois","Jan",1,56.4,53.34484557
"546","Illinois","Jan",2,28.2,106.0799021
"547","Illinois","Jan",3,39.4,29.67639811
"548","Illinois","Jan",4,62.9,34.63925314
"549","Illinois","Jul",1,NA,53.34484557
"550","Illinois","Jul",2,NA,106.0799021
"551","Illinois","Jul",3,NA,29.67639811
"552","Illinois","Jul",4,NA,34.63925314
"553","Illinois","Mar",1,59.9,53.34484557
"554","Illinois","Mar",2,30.9,106.0799021
"555","Illinois","Mar",3,40.9,29.67639811
"556","Illinois","Mar",4,66.9,34.63925314
"557","Illinois","May",1,60.7666666666667,53.34484557
"558","Illinois","May",2,31.5,106.0799021
"559","Illinois","May",3,41.3,29.67639811
"560","Illinois","May",4,67.4,34.63925314
"561","Illinois","Nov",1,49.8,53.34484557
"562","Illinois","Nov",2,22.4,106.0799021
"563","Illinois","Nov",3,35,29.67639811
"564","Illinois","Nov",4,53.7,34.63925314
"565","Illinois","Oct",1,37.9,53.34484557
"566","Illinois","Oct",2,15.6,106.0799021
"567","Illinois","Oct",3,26.5,29.67639811
"568","Illinois","Oct",4,41.7,34.63925314
"569","Illinois","Sep",1,15.9,53.34484557
"570","Illinois","Sep",2,6.2,106.0799021
"571","Illinois","Sep",3,7.6,29.67639811
"572","Illinois","Sep",4,13.3,34.63925314
"573","Indiana","Apr",1,57.2333333333333,44.87036521
"574","Indiana","Apr",2,33,83.54056314
"575","Indiana","Apr",3,50.9,24.12601059
"576","Indiana","Apr",4,67.4,28.30777809
"577","Indiana","Aug",1,5.66666666666667,44.87036521
"578","Indiana","Aug",2,1.3,83.54056314
"579","Indiana","Aug",3,0.8,24.12601059
"580","Indiana","Aug",4,2,28.30777809
"581","Indiana","Dec",1,50.2666666666667,44.87036521
"582","Indiana","Dec",2,27.1,83.54056314
"583","Indiana","Dec",3,44.6,24.12601059
"584","Indiana","Dec",4,60.1,28.30777809
"585","Indiana","Feb",1,54.2,44.87036521
"586","Indiana","Feb",2,32.2,83.54056314
"587","Indiana","Feb",3,49.1,24.12601059
"588","Indiana","Feb",4,64.5,28.30777809
"589","Indiana","Jan",1,52.5666666666667,44.87036521
"590","Indiana","Jan",2,30.1,83.54056314
"591","Indiana","Jan",3,47.5,24.12601059
"592","Indiana","Jan",4,63.9,28.30777809
"593","Indiana","Jul",1,NA,44.87036521
"594","Indiana","Jul",2,NA,83.54056314
"595","Indiana","Jul",3,NA,24.12601059
"596","Indiana","Jul",4,NA,28.30777809
"597","Indiana","Mar",1,55.7666666666667,44.87036521
"598","Indiana","Mar",2,33,83.54056314
"599","Indiana","Mar",3,49.8,24.12601059
"600","Indiana","Mar",4,66.1,28.30777809
"601","Indiana","May",1,57.2333333333333,44.87036521
"602","Indiana","May",2,33,83.54056314
"603","Indiana","May",3,50.9,24.12601059
"604","Indiana","May",4,67.6,28.30777809
"605","Indiana","Nov",1,46.1333333333333,44.87036521
"606","Indiana","Nov",2,22.8,83.54056314
"607","Indiana","Nov",3,40.4,24.12601059
"608","Indiana","Nov",4,55.3,28.30777809
"609","Indiana","Oct",1,35.0666666666667,44.87036521
"610","Indiana","Oct",2,15,83.54056314
"611","Indiana","Oct",3,29.8,24.12601059
"612","Indiana","Oct",4,41.7,28.30777809
"613","Indiana","Sep",1,15.2333333333333,44.87036521
"614","Indiana","Sep",2,5.1,83.54056314
"615","Indiana","Sep",3,8.4,24.12601059
"616","Indiana","Sep",4,12.7,28.30777809
"617","Iowa","Apr",1,66,13.50693512
"618","Iowa","Apr",2,41,24.56196868
"619","Iowa","Apr",3,54.5,7.368232662
"620","Iowa","Apr",4,72.2,9.268903803
"621","Iowa","Aug",1,NA,13.50693512
"622","Iowa","Aug",2,1.2,24.56196868
"623","Iowa","Aug",3,1,7.368232662
"624","Iowa","Aug",4,1.6,9.268903803
"625","Iowa","Dec",1,62.5,13.50693512
"626","Iowa","Dec",2,35.8,24.56196868
"627","Iowa","Dec",3,49.6,7.368232662
"628","Iowa","Dec",4,67.6,9.268903803
"629","Iowa","Feb",1,64.4,13.50693512
"630","Iowa","Feb",2,40,24.56196868
"631","Iowa","Feb",3,53.6,7.368232662
"632","Iowa","Feb",4,70.4,9.268903803
"633","Iowa","Jan",1,63.6,13.50693512
"634","Iowa","Jan",2,38.9,24.56196868
"635","Iowa","Jan",3,52.6,7.368232662
"636","Iowa","Jan",4,69.3,9.268903803
"637","Iowa","Jul",1,NA,13.50693512
"638","Iowa","Jul",2,NA,24.56196868
"639","Iowa","Jul",3,NA,7.368232662
"640","Iowa","Jul",4,NA,9.268903803
"641","Iowa","Mar",1,66,13.50693512
"642","Iowa","Mar",2,40.9,24.56196868
"643","Iowa","Mar",3,53.9,7.368232662
"644","Iowa","Mar",4,71.8,9.268903803
"645","Iowa","May",1,66.1,13.50693512
"646","Iowa","May",2,41,24.56196868
"647","Iowa","May",3,54.5,7.368232662
"648","Iowa","May",4,72.4,9.268903803
"649","Iowa","Nov",1,57.9666666666667,13.50693512
"650","Iowa","Nov",2,32.2,24.56196868
"651","Iowa","Nov",3,46,7.368232662
"652","Iowa","Nov",4,63.4,9.268903803
"653","Iowa","Oct",1,44.0333333333333,13.50693512
"654","Iowa","Oct",2,23.5,24.56196868
"655","Iowa","Oct",3,36.2,7.368232662
"656","Iowa","Oct",4,48.2,9.268903803
"657","Iowa","Sep",1,15.8,13.50693512
"658","Iowa","Sep",2,6.9,24.56196868
"659","Iowa","Sep",3,9.3,7.368232662
"660","Iowa","Sep",4,14.4,9.268903803
"661","Kansas","Apr",1,63.3333333333333,8.893587378
"662","Kansas","Apr",2,37.5,15.5677499
"663","Kansas","Apr",3,47.5,4.542732484
"664","Kansas","Apr",4,68,5.397015509
"665","Kansas","Aug",1,6,8.893587378
"666","Kansas","Aug",2,1.1,15.5677499
"667","Kansas","Aug",3,1.1,4.542732484
"668","Kansas","Aug",4,1.2,5.397015509
"669","Kansas","Dec",1,58.5666666666667,8.893587378
"670","Kansas","Dec",2,33.7,15.5677499
"671","Kansas","Dec",3,43.5,4.542732484
"672","Kansas","Dec",4,63.5,5.397015509
"673","Kansas","Feb",1,62,8.893587378
"674","Kansas","Feb",2,37,15.5677499
"675","Kansas","Feb",3,46.6,4.542732484
"676","Kansas","Feb",4,67.1,5.397015509
"677","Kansas","Jan",1,59.8,8.893587378
"678","Kansas","Jan",2,36,15.5677499
"679","Kansas","Jan",3,45.7,4.542732484
"680","Kansas","Jan",4,65.8,5.397015509
"681","Kansas","Jul",1,NA,8.893587378
"682","Kansas","Jul",2,NA,15.5677499
"683","Kansas","Jul",3,0,4.542732484
"684","Kansas","Jul",4,NA,5.397015509
"685","Kansas","Mar",1,63.1666666666667,8.893587378
"686","Kansas","Mar",2,37.2,15.5677499
"687","Kansas","Mar",3,47.2,4.542732484
"688","Kansas","Mar",4,67.4,5.397015509
"689","Kansas","May",1,63.3333333333333,8.893587378
"690","Kansas","May",2,37.5,15.5677499
"691","Kansas","May",3,48.4,4.542732484
"692","Kansas","May",4,68,5.397015509
"693","Kansas","Nov",1,55.4,8.893587378
"694","Kansas","Nov",2,30.9,15.5677499
"695","Kansas","Nov",3,41,4.542732484
"696","Kansas","Nov",4,59.5,5.397015509
"697","Kansas","Oct",1,41.8666666666667,8.893587378
"698","Kansas","Oct",2,22.3,15.5677499
"699","Kansas","Oct",3,33,4.542732484
"700","Kansas","Oct",4,46.4,5.397015509
"701","Kansas","Sep",1,13.6,8.893587378
"702","Kansas","Sep",2,5.5,15.5677499
"703","Kansas","Sep",3,8.6,4.542732484
"704","Kansas","Sep",4,11.9,5.397015509
"705","Kentucky","Apr",1,62.1333333333333,25.78274439
"706","Kentucky","Apr",2,36.5,50.183731
"707","Kentucky","Apr",3,46.1,14.87466022
"708","Kentucky","Apr",4,66,17.89741266
"709","Kentucky","Aug",1,8.33333333333333,25.78274439
"710","Kentucky","Aug",2,NA,50.183731
"711","Kentucky","Aug",3,NA,14.87466022
"712","Kentucky","Aug",4,NA,17.89741266
"713","Kentucky","Dec",1,58.1333333333333,25.78274439
"714","Kentucky","Dec",2,29.6,50.183731
"715","Kentucky","Dec",3,38.7,14.87466022
"716","Kentucky","Dec",4,58.8,17.89741266
"717","Kentucky","Feb",1,61.6,25.78274439
"718","Kentucky","Feb",2,34.1,50.183731
"719","Kentucky","Feb",3,45,14.87466022
"720","Kentucky","Feb",4,65.1,17.89741266
"721","Kentucky","Jan",1,61.1,25.78274439
"722","Kentucky","Jan",2,31.9,50.183731
"723","Kentucky","Jan",3,42.7,14.87466022
"724","Kentucky","Jan",4,63,17.89741266
"725","Kentucky","Jul",1,NA,25.78274439
"726","Kentucky","Jul",2,NA,50.183731
"727","Kentucky","Jul",3,NA,14.87466022
"728","Kentucky","Jul",4,NA,17.89741266
"729","Kentucky","Mar",1,62.1333333333333,25.78274439
"730","Kentucky","Mar",2,35.8,50.183731
"731","Kentucky","Mar",3,45.2,14.87466022
"732","Kentucky","Mar",4,65.6,17.89741266
"733","Kentucky","May",1,65.0666666666667,25.78274439
"734","Kentucky","May",2,36.5,50.183731
"735","Kentucky","May",3,46.1,14.87466022
"736","Kentucky","May",4,66,17.89741266
"737","Kentucky","Nov",1,54.9666666666667,25.78274439
"738","Kentucky","Nov",2,25.4,50.183731
"739","Kentucky","Nov",3,36.9,14.87466022
"740","Kentucky","Nov",4,54.4,17.89741266
"741","Kentucky","Oct",1,40.8,25.78274439
"742","Kentucky","Oct",2,18.7,50.183731
"743","Kentucky","Oct",3,28.1,14.87466022
"744","Kentucky","Oct",4,41.3,17.89741266
"745","Kentucky","Sep",1,17.5666666666667,25.78274439
"746","Kentucky","Sep",2,6.7,50.183731
"747","Kentucky","Sep",3,8.7,14.87466022
"748","Kentucky","Sep",4,13.9,17.89741266
"749","Louisiana","Apr",1,57.3333333333333,26.22916954
"750","Louisiana","Apr",2,23.9,47.8446495
"751","Louisiana","Apr",3,42.9,13.60464582
"752","Louisiana","Apr",4,64.1,16.05839416
"753","Louisiana","Aug",1,6.43333333333333,26.22916954
"754","Louisiana","Aug",2,1.2,47.8446495
"755","Louisiana","Aug",3,NA,13.60464582
"756","Louisiana","Aug",4,2.1,16.05839416
"757","Louisiana","Dec",1,51.6666666666667,26.22916954
"758","Louisiana","Dec",2,18.6,47.8446495
"759","Louisiana","Dec",3,33.3,13.60464582
"760","Louisiana","Dec",4,52.4,16.05839416
"761","Louisiana","Feb",1,55.6666666666667,26.22916954
"762","Louisiana","Feb",2,23.1,47.8446495
"763","Louisiana","Feb",3,40.6,13.60464582
"764","Louisiana","Feb",4,59.8,16.05839416
"765","Louisiana","Jan",1,54.5666666666667,26.22916954
"766","Louisiana","Jan",2,21.7,47.8446495
"767","Louisiana","Jan",3,37.5,13.60464582
"768","Louisiana","Jan",4,55.8,16.05839416
"769","Louisiana","Jul",1,NA,26.22916954
"770","Louisiana","Jul",2,NA,47.8446495
"771","Louisiana","Jul",3,NA,13.60464582
"772","Louisiana","Jul",4,NA,16.05839416
"773","Louisiana","Mar",1,56.9,26.22916954
"774","Louisiana","Mar",2,23.6,47.8446495
"775","Louisiana","Mar",3,41.4,13.60464582
"776","Louisiana","Mar",4,61.8,16.05839416
"777","Louisiana","May",1,57.3333333333333,26.22916954
"778","Louisiana","May",2,24.1,47.8446495
"779","Louisiana","May",3,43.5,13.60464582
"780","Louisiana","May",4,64.3,16.05839416
"781","Louisiana","Nov",1,46.5333333333333,26.22916954
"782","Louisiana","Nov",2,17,47.8446495
"783","Louisiana","Nov",3,30.9,13.60464582
"784","Louisiana","Nov",4,48.7,16.05839416
"785","Louisiana","Oct",1,34.9666666666667,26.22916954
"786","Louisiana","Oct",2,12.7,47.8446495
"787","Louisiana","Oct",3,22.2,13.60464582
"788","Louisiana","Oct",4,36.3,16.05839416
"789","Louisiana","Sep",1,16.3333333333333,26.22916954
"790","Louisiana","Sep",2,4,47.8446495
"791","Louisiana","Sep",3,7.5,13.60464582
"792","Louisiana","Sep",4,13.6,16.05839416
"793","Maine","Apr",1,63.4,8.122468816
"794","Maine","Apr",2,31.4,18.35736271
"795","Maine","Apr",3,48.2,6.943139478
"796","Maine","Apr",4,66.7,8.679734327
"797","Maine","Aug",1,NA,8.122468816
"798","Maine","Aug",2,NA,18.35736271
"799","Maine","Aug",3,1.3,6.943139478
"800","Maine","Aug",4,1.7,8.679734327
"801","Maine","Dec",1,58.6333333333333,8.122468816
"802","Maine","Dec",2,27.9,18.35736271
"803","Maine","Dec",3,42.9,6.943139478
"804","Maine","Dec",4,60.5,8.679734327
"805","Maine","Feb",1,62.0333333333333,8.122468816
"806","Maine","Feb",2,31.4,18.35736271
"807","Maine","Feb",3,47.1,6.943139478
"808","Maine","Feb",4,65.2,8.679734327
"809","Maine","Jan",1,60.9,8.122468816
"810","Maine","Jan",2,31,18.35736271
"811","Maine","Jan",3,45.2,6.943139478
"812","Maine","Jan",4,63.4,8.679734327
"813","Maine","Jul",1,NA,8.122468816
"814","Maine","Jul",2,NA,18.35736271
"815","Maine","Jul",3,NA,6.943139478
"816","Maine","Jul",4,NA,8.679734327
"817","Maine","Mar",1,63.3,8.122468816
"818","Maine","Mar",2,31.4,18.35736271
"819","Maine","Mar",3,48,6.943139478
"820","Maine","Mar",4,66.3,8.679734327
"821","Maine","May",1,63.4,8.122468816
"822","Maine","May",2,31.4,18.35736271
"823","Maine","May",3,48.6,6.943139478
"824","Maine","May",4,67.5,8.679734327
"825","Maine","Nov",1,53.8,8.122468816
"826","Maine","Nov",2,25.1,18.35736271
"827","Maine","Nov",3,40,6.943139478
"828","Maine","Nov",4,56.8,8.679734327
"829","Maine","Oct",1,39.1,8.122468816
"830","Maine","Oct",2,16.2,18.35736271
"831","Maine","Oct",3,28,6.943139478
"832","Maine","Oct",4,43.4,8.679734327
"833","Maine","Sep",1,13.5,8.122468816
"834","Maine","Sep",2,4.5,18.35736271
"835","Maine","Sep",3,7.3,6.943139478
"836","Maine","Sep",4,12.5,8.679734327
"837","Maryland","Apr",1,73.4333333333333,141.0537084
"838","Maryland","Apr",2,43,284.112532
"839","Maryland","Apr",3,52.7,82.70076726
"840","Maryland","Apr",4,72.3,92.71611253
"841","Maryland","Aug",1,5.06666666666667,141.0537084
"842","Maryland","Aug",2,1.5,284.112532
"843","Maryland","Aug",3,1.4,82.70076726
"844","Maryland","Aug",4,2.2,92.71611253
"845","Maryland","Dec",1,66.5,141.0537084
"846","Maryland","Dec",2,33.3,284.112532
"847","Maryland","Dec",3,45.5,82.70076726
"848","Maryland","Dec",4,63.6,92.71611253
"849","Maryland","Feb",1,70.3666666666667,141.0537084
"850","Maryland","Feb",2,40,284.112532
"851","Maryland","Feb",3,50.2,82.70076726
"852","Maryland","Feb",4,69.4,92.71611253
"853","Maryland","Jan",1,69.3666666666667,141.0537084
"854","Maryland","Jan",2,37.3,284.112532
"855","Maryland","Jan",3,48.4,82.70076726
"856","Maryland","Jan",4,67.5,92.71611253
"857","Maryland","Jul",1,NA,141.0537084
"858","Maryland","Jul",2,NA,284.112532
"859","Maryland","Jul",3,0,82.70076726
"860","Maryland","Jul",4,NA,92.71611253
"861","Maryland","Mar",1,71.8666666666667,141.0537084
"862","Maryland","Mar",2,41.6,284.112532
"863","Maryland","Mar",3,51.8,82.70076726
"864","Maryland","Mar",4,71.2,92.71611253
"865","Maryland","May",1,73.4333333333333,141.0537084
"866","Maryland","May",2,43.6,284.112532
"867","Maryland","May",3,53.1,82.70076726
"868","Maryland","May",4,72.7,92.71611253
"869","Maryland","Nov",1,61.4,141.0537084
"870","Maryland","Nov",2,30.3,284.112532
"871","Maryland","Nov",3,42.5,82.70076726
"872","Maryland","Nov",4,59.8,92.71611253
"873","Maryland","Oct",1,46.8,141.0537084
"874","Maryland","Oct",2,22.4,284.112532
"875","Maryland","Oct",3,32.3,82.70076726
"876","Maryland","Oct",4,45.9,92.71611253
"877","Maryland","Sep",1,19.1,141.0537084
"878","Maryland","Sep",2,7.4,284.112532
"879","Maryland","Sep",3,9.5,82.70076726
"880","Maryland","Sep",4,15.1,92.71611253
"881","Massachusetts","Apr",1,80.8666666666667,180.2373054
"882","Massachusetts","Apr",2,44.3,409.3008421
"883","Massachusetts","Apr",3,53.9,119.4309773
"884","Massachusetts","Apr",4,71.2,140.737433
"885","Massachusetts","Aug",1,5.83333333333333,180.2373054
"886","Massachusetts","Aug",2,1.9,409.3008421
"887","Massachusetts","Aug",3,1.1,119.4309773
"888","Massachusetts","Aug",4,2.7,140.737433
"889","Massachusetts","Dec",1,72.0666666666667,180.2373054
"890","Massachusetts","Dec",2,35.8,409.3008421
"891","Massachusetts","Dec",3,46.6,119.4309773
"892","Massachusetts","Dec",4,63.4,140.737433
"893","Massachusetts","Feb",1,77.8666666666667,180.2373054
"894","Massachusetts","Feb",2,41.9,409.3008421
"895","Massachusetts","Feb",3,52,119.4309773
"896","Massachusetts","Feb",4,68.1,140.737433
"897","Massachusetts","Jan",1,74.2333333333333,180.2373054
"898","Massachusetts","Jan",2,39.1,409.3008421
"899","Massachusetts","Jan",3,51,119.4309773
"900","Massachusetts","Jan",4,65.7,140.737433
"901","Massachusetts","Jul",1,NA,180.2373054
"902","Massachusetts","Jul",2,NA,409.3008421
"903","Massachusetts","Jul",3,NA,119.4309773
"904","Massachusetts","Jul",4,NA,140.737433
"905","Massachusetts","Mar",1,79.2666666666667,180.2373054
"906","Massachusetts","Mar",2,43.1,409.3008421
"907","Massachusetts","Mar",3,53.5,119.4309773
"908","Massachusetts","Mar",4,70.4,140.737433
"909","Massachusetts","May",1,81.6,180.2373054
"910","Massachusetts","May",2,45,409.3008421
"911","Massachusetts","May",3,54.3,119.4309773
"912","Massachusetts","May",4,72.1,140.737433
"913","Massachusetts","Nov",1,65,180.2373054
"914","Massachusetts","Nov",2,30.7,409.3008421
"915","Massachusetts","Nov",3,42,119.4309773
"916","Massachusetts","Nov",4,59.7,140.737433
"917","Massachusetts","Oct",1,50.9666666666667,180.2373054
"918","Massachusetts","Oct",2,22.1,409.3008421
"919","Massachusetts","Oct",3,30.9,119.4309773
"920","Massachusetts","Oct",4,45.4,140.737433
"921","Massachusetts","Sep",1,22.4666666666667,180.2373054
"922","Massachusetts","Sep",2,7,409.3008421
"923","Massachusetts","Sep",3,8.5,119.4309773
"924","Massachusetts","Sep",4,15.2,140.737433
"925","Michigan","Apr",1,57.6333333333333,39.4099648
"926","Michigan","Apr",2,30.4,79.11176356
"927","Michigan","Apr",3,48,24.6360919
"928","Michigan","Apr",4,64.4,29.6432551
"929","Michigan","Aug",1,NA,39.4099648
"930","Michigan","Aug",2,1,79.11176356
"931","Michigan","Aug",3,1,24.6360919
"932","Michigan","Aug",4,2,29.6432551
"933","Michigan","Dec",1,50.1,39.4099648
"934","Michigan","Dec",2,24.9,79.11176356
"935","Michigan","Dec",3,43.9,24.6360919
"936","Michigan","Dec",4,58.1,29.6432551
"937","Michigan","Feb",1,54.4333333333333,39.4099648
"938","Michigan","Feb",2,28.8,79.11176356
"939","Michigan","Feb",3,46.8,24.6360919
"940","Michigan","Feb",4,63,29.6432551
"941","Michigan","Jan",1,52.2,39.4099648
"942","Michigan","Jan",2,27.5,79.11176356
"943","Michigan","Jan",3,45.6,24.6360919
"944","Michigan","Jan",4,60.5,29.6432551
"945","Michigan","Jul",1,NA,39.4099648
"946","Michigan","Jul",2,NA,79.11176356
"947","Michigan","Jul",3,NA,24.6360919
"948","Michigan","Jul",4,NA,29.6432551
"949","Michigan","Mar",1,56.8666666666667,39.4099648
"950","Michigan","Mar",2,29.8,79.11176356
"951","Michigan","Mar",3,47.3,24.6360919
"952","Michigan","Mar",4,63.5,29.6432551
"953","Michigan","May",1,57.6333333333333,39.4099648
"954","Michigan","May",2,31,79.11176356
"955","Michigan","May",3,48.4,24.6360919
"956","Michigan","May",4,65.6,29.6432551
"957","Michigan","Nov",1,45.5333333333333,39.4099648
"958","Michigan","Nov",2,21.9,79.11176356
"959","Michigan","Nov",3,38.3,24.6360919
"960","Michigan","Nov",4,54.6,29.6432551
"961","Michigan","Oct",1,36,39.4099648
"962","Michigan","Oct",2,17,79.11176356
"963","Michigan","Oct",3,28.8,24.6360919
"964","Michigan","Oct",4,42.9,29.6432551
"965","Michigan","Sep",1,14.9333333333333,39.4099648
"966","Michigan","Sep",2,4.9,79.11176356
"967","Michigan","Sep",3,8.1,24.6360919
"968","Michigan","Sep",4,13.5,29.6432551
"969","Minnesota","Apr",1,65.3666666666667,16.78787194
"970","Minnesota","Apr",2,41.2,31.93413467
"971","Minnesota","Apr",3,49,9.452755065
"972","Minnesota","Apr",4,66.9,10.76654483
"973","Minnesota","Aug",1,NA,16.78787194
"974","Minnesota","Aug",2,1.1,31.93413467
"975","Minnesota","Aug",3,1.3,9.452755065
"976","Minnesota","Aug",4,1.3,10.76654483
"977","Minnesota","Dec",1,59.6,16.78787194
"978","Minnesota","Dec",2,34.9,31.93413467
"979","Minnesota","Dec",3,44.9,9.452755065
"980","Minnesota","Dec",4,60.6,10.76654483
"981","Minnesota","Feb",1,64.7666666666667,16.78787194
"982","Minnesota","Feb",2,40,31.93413467
"983","Minnesota","Feb",3,48.3,9.452755065
"984","Minnesota","Feb",4,65.1,10.76654483
"985","Minnesota","Jan",1,63.3333333333333,16.78787194
"986","Minnesota","Jan",2,38.2,31.93413467
"987","Minnesota","Jan",3,47,9.452755065
"988","Minnesota","Jan",4,62.9,10.76654483
"989","Minnesota","Jul",1,NA,16.78787194
"990","Minnesota","Jul",2,NA,31.93413467
"991","Minnesota","Jul",3,0.1,9.452755065
"992","Minnesota","Jul",4,NA,10.76654483
"993","Minnesota","Mar",1,65.3666666666667,16.78787194
"994","Minnesota","Mar",2,41,31.93413467
"995","Minnesota","Mar",3,48.8,9.452755065
"996","Minnesota","Mar",4,66.2,10.76654483
"997","Minnesota","May",1,65.3666666666667,16.78787194
"998","Minnesota","May",2,42.3,31.93413467
"999","Minnesota","May",3,49,9.452755065
"1000","Minnesota","May",4,68,10.76654483
"1001","Minnesota","Nov",1,56.5333333333333,16.78787194
"1002","Minnesota","Nov",2,31.7,31.93413467
"1003","Minnesota","Nov",3,42.3,9.452755065
"1004","Minnesota","Nov",4,57.6,10.76654483
"1005","Minnesota","Oct",1,42.2,16.78787194
"1006","Minnesota","Oct",2,22.9,31.93413467
"1007","Minnesota","Oct",3,32.7,9.452755065
"1008","Minnesota","Oct",4,44.1,10.76654483
"1009","Minnesota","Sep",1,16.0666666666667,16.78787194
"1010","Minnesota","Sep",2,7,31.93413467
"1011","Minnesota","Sep",3,8.5,9.452755065
"1012","Minnesota","Sep",4,12.6,10.76654483
"1013","Mississippi","Apr",1,48.8,15.66696509
"1014","Mississippi","Apr",2,26.1,27.84030353
"1015","Mississippi","Apr",3,45,8.04237541
"1016","Mississippi","Apr",4,68.3,9.826491026
"1017","Mississippi","Aug",1,4.66666666666667,15.66696509
"1018","Mississippi","Aug",2,NA,27.84030353
"1019","Mississippi","Aug",3,NA,8.04237541
"1020","Mississippi","Aug",4,NA,9.826491026
"1021","Mississippi","Dec",1,43.9666666666667,15.66696509
"1022","Mississippi","Dec",2,22.1,27.84030353
"1023","Mississippi","Dec",3,39.5,8.04237541
"1024","Mississippi","Dec",4,58.4,9.826491026
"1025","Mississippi","Feb",1,48,15.66696509
"1026","Mississippi","Feb",2,24.9,27.84030353
"1027","Mississippi","Feb",3,44.8,8.04237541
"1028","Mississippi","Feb",4,68.2,9.826491026
"1029","Mississippi","Jan",1,46.4666666666667,15.66696509
"1030","Mississippi","Jan",2,24,27.84030353
"1031","Mississippi","Jan",3,43.6,8.04237541
"1032","Mississippi","Jan",4,64.1,9.826491026
"1033","Mississippi","Jul",1,NA,15.66696509
"1034","Mississippi","Jul",2,NA,27.84030353
"1035","Mississippi","Jul",3,0,8.04237541
"1036","Mississippi","Jul",4,NA,9.826491026
"1037","Mississippi","Mar",1,48.3,15.66696509
"1038","Mississippi","Mar",2,26.1,27.84030353
"1039","Mississippi","Mar",3,45,8.04237541
"1040","Mississippi","Mar",4,68.3,9.826491026
"1041","Mississippi","May",1,48.8333333333333,15.66696509
"1042","Mississippi","May",2,26.1,27.84030353
"1043","Mississippi","May",3,45,8.04237541
"1044","Mississippi","May",4,68.3,9.826491026
"1045","Mississippi","Nov",1,40.2333333333333,15.66696509
"1046","Mississippi","Nov",2,20.4,27.84030353
"1047","Mississippi","Nov",3,33.2,8.04237541
"1048","Mississippi","Nov",4,53.8,9.826491026
"1049","Mississippi","Oct",1,30.1,15.66696509
"1050","Mississippi","Oct",2,14.9,27.84030353
"1051","Mississippi","Oct",3,22.3,8.04237541
"1052","Mississippi","Oct",4,38.8,9.826491026
"1053","Mississippi","Sep",1,12.5,15.66696509
"1054","Mississippi","Sep",2,3.6,27.84030353
"1055","Mississippi","Sep",3,6.4,8.04237541
"1056","Mississippi","Sep",4,10.4,9.826491026
"1057","Missouri","Apr",1,57.2,20.40117275
"1058","Missouri","Apr",2,37.6,39.26238788
"1059","Missouri","Apr",3,48,11.94809719
"1060","Missouri","Apr",4,72.9,14.52291794
"1061","Missouri","Aug",1,5.36666666666667,20.40117275
"1062","Missouri","Aug",2,1.2,39.26238788
"1063","Missouri","Aug",3,NA,11.94809719
"1064","Missouri","Aug",4,1.6,14.52291794
"1065","Missouri","Dec",1,50.4,20.40117275
"1066","Missouri","Dec",2,30.7,39.26238788
"1067","Missouri","Dec",3,42.3,11.94809719
"1068","Missouri","Dec",4,66,14.52291794
"1069","Missouri","Feb",1,53.8,20.40117275
"1070","Missouri","Feb",2,36.1,39.26238788
"1071","Missouri","Feb",3,47.6,11.94809719
"1072","Missouri","Feb",4,70.3,14.52291794
"1073","Missouri","Jan",1,53.1333333333333,20.40117275
"1074","Missouri","Jan",2,34,39.26238788
"1075","Missouri","Jan",3,46.1,11.94809719
"1076","Missouri","Jan",4,68.4,14.52291794
"1077","Missouri","Jul",1,NA,20.40117275
"1078","Missouri","Jul",2,NA,39.26238788
"1079","Missouri","Jul",3,NA,11.94809719
"1080","Missouri","Jul",4,NA,14.52291794
"1081","Missouri","Mar",1,56.5666666666667,20.40117275
"1082","Missouri","Mar",2,36.6,39.26238788
"1083","Missouri","Mar",3,48,11.94809719
"1084","Missouri","Mar",4,71.2,14.52291794
"1085","Missouri","May",1,57.2666666666667,20.40117275
"1086","Missouri","May",2,37.6,39.26238788
"1087","Missouri","May",3,48,11.94809719
"1088","Missouri","May",4,72.9,14.52291794
"1089","Missouri","Nov",1,45.9,20.40117275
"1090","Missouri","Nov",2,27.3,39.26238788
"1091","Missouri","Nov",3,40.1,11.94809719
"1092","Missouri","Nov",4,62.3,14.52291794
"1093","Missouri","Oct",1,33.6333333333333,20.40117275
"1094","Missouri","Oct",2,20.2,39.26238788
"1095","Missouri","Oct",3,32.5,11.94809719
"1096","Missouri","Oct",4,47.9,14.52291794
"1097","Missouri","Sep",1,13.8,20.40117275
"1098","Missouri","Sep",2,5.3,39.26238788
"1099","Missouri","Sep",3,8,11.94809719
"1100","Missouri","Sep",4,13.4,14.52291794
"1101","Montana","Apr",1,55,1.599384429
"1102","Montana","Apr",2,34.6,3.099150842
"1103","Montana","Apr",3,46.9,1.044271621
"1104","Montana","Apr",4,64.7,1.36030119
"1105","Montana","Aug",1,NA,1.599384429
"1106","Montana","Aug",2,NA,3.099150842
"1107","Montana","Aug",3,NA,1.044271621
"1108","Montana","Aug",4,2.1,1.36030119
"1109","Montana","Dec",1,50.7666666666667,1.599384429
"1110","Montana","Dec",2,28.3,3.099150842
"1111","Montana","Dec",3,42.2,1.044271621
"1112","Montana","Dec",4,57.4,1.36030119
"1113","Montana","Feb",1,53.3,1.599384429
"1114","Montana","Feb",2,32.3,3.099150842
"1115","Montana","Feb",3,45.8,1.044271621
"1116","Montana","Feb",4,63,1.36030119
"1117","Montana","Jan",1,52.6666666666667,1.599384429
"1118","Montana","Jan",2,30.5,3.099150842
"1119","Montana","Jan",3,44.1,1.044271621
"1120","Montana","Jan",4,61.4,1.36030119
"1121","Montana","Jul",1,NA,1.599384429
"1122","Montana","Jul",2,0,3.099150842
"1123","Montana","Jul",3,0,1.044271621
"1124","Montana","Jul",4,0,1.36030119
"1125","Montana","Mar",1,55,1.599384429
"1126","Montana","Mar",2,34.2,3.099150842
"1127","Montana","Mar",3,46.5,1.044271621
"1128","Montana","Mar",4,63.8,1.36030119
"1129","Montana","May",1,55,1.599384429
"1130","Montana","May",2,36.5,3.099150842
"1131","Montana","May",3,47.6,1.044271621
"1132","Montana","May",4,67.8,1.36030119
"1133","Montana","Nov",1,47.1333333333333,1.599384429
"1134","Montana","Nov",2,26.1,3.099150842
"1135","Montana","Nov",3,39.7,1.044271621
"1136","Montana","Nov",4,54.9,1.36030119
"1137","Montana","Oct",1,36.1333333333333,1.599384429
"1138","Montana","Oct",2,19,3.099150842
"1139","Montana","Oct",3,28.8,1.044271621
"1140","Montana","Oct",4,42.2,1.36030119
"1141","Montana","Sep",1,10.1,1.599384429
"1142","Montana","Sep",2,4.5,3.099150842
"1143","Montana","Sep",3,4.6,1.044271621
"1144","Montana","Sep",4,11.6,1.36030119
"1145","Nebraska","Apr",1,69.4666666666667,6.352922813
"1146","Nebraska","Apr",2,40.4,11.01225318
"1147","Nebraska","Apr",3,51.6,3.150446161
"1148","Nebraska","Apr",4,70.1,3.794323474
"1149","Nebraska","Aug",1,5.26666666666667,6.352922813
"1150","Nebraska","Aug",2,0.9,11.01225318
"1151","Nebraska","Aug",3,NA,3.150446161
"1152","Nebraska","Aug",4,1.6,3.794323474
"1153","Nebraska","Dec",1,61.4666666666667,6.352922813
"1154","Nebraska","Dec",2,34.9,11.01225318
"1155","Nebraska","Dec",3,46.7,3.150446161
"1156","Nebraska","Dec",4,63.4,3.794323474
"1157","Nebraska","Feb",1,67.5333333333333,6.352922813
"1158","Nebraska","Feb",2,39,11.01225318
"1159","Nebraska","Feb",3,50.2,3.150446161
"1160","Nebraska","Feb",4,67.5,3.794323474
"1161","Nebraska","Jan",1,65.7,6.352922813
"1162","Nebraska","Jan",2,37.7,11.01225318
"1163","Nebraska","Jan",3,48.9,3.150446161
"1164","Nebraska","Jan",4,65.9,3.794323474
"1165","Nebraska","Jul",1,NA,6.352922813
"1166","Nebraska","Jul",2,NA,11.01225318
"1167","Nebraska","Jul",3,0,3.150446161
"1168","Nebraska","Jul",4,NA,3.794323474
"1169","Nebraska","Mar",1,67.5666666666667,6.352922813
"1170","Nebraska","Mar",2,39.5,11.01225318
"1171","Nebraska","Mar",3,50.8,3.150446161
"1172","Nebraska","Mar",4,69.2,3.794323474
"1173","Nebraska","May",1,69.4666666666667,6.352922813
"1174","Nebraska","May",2,40.4,11.01225318
"1175","Nebraska","May",3,51.7,3.150446161
"1176","Nebraska","May",4,70.5,3.794323474
"1177","Nebraska","Nov",1,56.7,6.352922813
"1178","Nebraska","Nov",2,31.2,11.01225318
"1179","Nebraska","Nov",3,43.5,3.150446161
"1180","Nebraska","Nov",4,60.3,3.794323474
"1181","Nebraska","Oct",1,41.4333333333333,6.352922813
"1182","Nebraska","Oct",2,22.7,11.01225318
"1183","Nebraska","Oct",3,33.2,3.150446161
"1184","Nebraska","Oct",4,46.1,3.794323474
"1185","Nebraska","Sep",1,14.7,6.352922813
"1186","Nebraska","Sep",2,5.5,11.01225318
"1187","Nebraska","Sep",3,6.9,3.150446161
"1188","Nebraska","Sep",4,12.4,3.794323474
"1189","Nevada","Apr",1,51.2666666666667,6.441360217
"1190","Nevada","Apr",2,20.3,13.00930732
"1191","Nevada","Apr",3,34.8,3.40236417
"1192","Nevada","Apr",4,65.3,4.315793308
"1193","Nevada","Aug",1,5.76666666666667,6.441360217
"1194","Nevada","Aug",2,NA,13.00930732
"1195","Nevada","Aug",3,NA,3.40236417
"1196","Nevada","Aug",4,NA,4.315793308
"1197","Nevada","Dec",1,46.5666666666667,6.441360217
"1198","Nevada","Dec",2,18.1,13.00930732
"1199","Nevada","Dec",3,26.9,3.40236417
"1200","Nevada","Dec",4,61.6,4.315793308
"1201","Nevada","Feb",1,49.4666666666667,6.441360217
"1202","Nevada","Feb",2,20,13.00930732
"1203","Nevada","Feb",3,29,3.40236417
"1204","Nevada","Feb",4,63.9,4.315793308
"1205","Nevada","Jan",1,48.6666666666667,6.441360217
"1206","Nevada","Jan",2,19.4,13.00930732
"1207","Nevada","Jan",3,28.6,3.40236417
"1208","Nevada","Jan",4,63.7,4.315793308
"1209","Nevada","Jul",1,NA,6.441360217
"1210","Nevada","Jul",2,0,13.00930732
"1211","Nevada","Jul",3,NA,3.40236417
"1212","Nevada","Jul",4,NA,4.315793308
"1213","Nevada","Mar",1,50.6,6.441360217
"1214","Nevada","Mar",2,20.3,13.00930732
"1215","Nevada","Mar",3,30.4,3.40236417
"1216","Nevada","Mar",4,64.6,4.315793308
"1217","Nevada","May",1,51.6333333333333,6.441360217
"1218","Nevada","May",2,20.3,13.00930732
"1219","Nevada","May",3,34.8,3.40236417
"1220","Nevada","May",4,65.3,4.315793308
"1221","Nevada","Nov",1,42.2666666666667,6.441360217
"1222","Nevada","Nov",2,15.8,13.00930732
"1223","Nevada","Nov",3,24.8,3.40236417
"1224","Nevada","Nov",4,51.6,4.315793308
"1225","Nevada","Oct",1,32.2666666666667,6.441360217
"1226","Nevada","Oct",2,13.3,13.00930732
"1227","Nevada","Oct",3,17.5,3.40236417
"1228","Nevada","Oct",4,39,4.315793308
"1229","Nevada","Sep",1,14.2333333333333,6.441360217
"1230","Nevada","Sep",2,4.3,13.00930732
"1231","Nevada","Sep",3,7.3,3.40236417
"1232","Nevada","Sep",4,14.2,4.315793308
"1233","New Hampshire","Apr",1,67.4666666666667,29.71345746
"1234","New Hampshire","Apr",2,36.9,66.27271714
"1235","New Hampshire","Apr",3,47,23.64812131
"1236","New Hampshire","Apr",4,70.6,26.44664957
"1237","New Hampshire","Aug",1,NA,29.71345746
"1238","New Hampshire","Aug",2,NA,66.27271714
"1239","New Hampshire","Aug",3,0.7,23.64812131
"1240","New Hampshire","Aug",4,NA,26.44664957
"1241","New Hampshire","Dec",1,61.6,29.71345746
"1242","New Hampshire","Dec",2,29.7,66.27271714
"1243","New Hampshire","Dec",3,41.1,23.64812131
"1244","New Hampshire","Dec",4,63.1,26.44664957
"1245","New Hampshire","Feb",1,66.1,29.71345746
"1246","New Hampshire","Feb",2,35.5,66.27271714
"1247","New Hampshire","Feb",3,45.4,23.64812131
"1248","New Hampshire","Feb",4,68,26.44664957
"1249","New Hampshire","Jan",1,64.7666666666667,29.71345746
"1250","New Hampshire","Jan",2,33.3,66.27271714
"1251","New Hampshire","Jan",3,43.9,23.64812131
"1252","New Hampshire","Jan",4,67,26.44664957
"1253","New Hampshire","Jul",1,NA,29.71345746
"1254","New Hampshire","Jul",2,NA,66.27271714
"1255","New Hampshire","Jul",3,NA,23.64812131
"1256","New Hampshire","Jul",4,0,26.44664957
"1257","New Hampshire","Mar",1,66.8333333333333,29.71345746
"1258","New Hampshire","Mar",2,35.5,66.27271714
"1259","New Hampshire","Mar",3,46.5,23.64812131
"1260","New Hampshire","Mar",4,68.7,26.44664957
"1261","New Hampshire","May",1,67.4666666666667,29.71345746
"1262","New Hampshire","May",2,38.1,66.27271714
"1263","New Hampshire","May",3,47,23.64812131
"1264","New Hampshire","May",4,71.5,26.44664957
"1265","New Hampshire","Nov",1,58.1,29.71345746
"1266","New Hampshire","Nov",2,26.6,66.27271714
"1267","New Hampshire","Nov",3,37.7,23.64812131
"1268","New Hampshire","Nov",4,59,26.44664957
"1269","New Hampshire","Oct",1,42.1333333333333,29.71345746
"1270","New Hampshire","Oct",2,17.6,66.27271714
"1271","New Hampshire","Oct",3,27.4,23.64812131
"1272","New Hampshire","Oct",4,42.3,26.44664957
"1273","New Hampshire","Sep",1,15.4,29.71345746
"1274","New Hampshire","Sep",2,4.7,66.27271714
"1275","New Hampshire","Sep",3,8.3,23.64812131
"1276","New Hampshire","Sep",4,11.7,26.44664957
"1277","New Jersey","Apr",1,72.4666666666667,273.0287101
"1278","New Jersey","Apr",2,NA,551.8398706
"1279","New Jersey","Apr",3,NA,162.488206
"1280","New Jersey","Apr",4,NA,189.1225233
"1281","New Jersey","Aug",1,5.06666666666667,273.0287101
"1282","New Jersey","Aug",2,NA,551.8398706
"1283","New Jersey","Aug",3,NA,162.488206
"1284","New Jersey","Aug",4,NA,189.1225233
"1285","New Jersey","Dec",1,65.6,273.0287101
"1286","New Jersey","Dec",2,NA,551.8398706
"1287","New Jersey","Dec",3,NA,162.488206
"1288","New Jersey","Dec",4,NA,189.1225233
"1289","New Jersey","Feb",1,70.2666666666667,273.0287101
"1290","New Jersey","Feb",2,NA,551.8398706
"1291","New Jersey","Feb",3,NA,162.488206
"1292","New Jersey","Feb",4,NA,189.1225233
"1293","New Jersey","Jan",1,68.5,273.0287101
"1294","New Jersey","Jan",2,NA,551.8398706
"1295","New Jersey","Jan",3,NA,162.488206
"1296","New Jersey","Jan",4,NA,189.1225233
"1297","New Jersey","Jul",1,NA,273.0287101
"1298","New Jersey","Jul",2,NA,551.8398706
"1299","New Jersey","Jul",3,NA,162.488206
"1300","New Jersey","Jul",4,NA,189.1225233
"1301","New Jersey","Mar",1,71.0666666666667,273.0287101
"1302","New Jersey","Mar",2,NA,551.8398706
"1303","New Jersey","Mar",3,NA,162.488206
"1304","New Jersey","Mar",4,NA,189.1225233
"1305","New Jersey","May",1,72.7666666666667,273.0287101
"1306","New Jersey","May",2,NA,551.8398706
"1307","New Jersey","May",3,NA,162.488206
"1308","New Jersey","May",4,NA,189.1225233
"1309","New Jersey","Nov",1,59.9666666666667,273.0287101
"1310","New Jersey","Nov",2,NA,551.8398706
"1311","New Jersey","Nov",3,NA,162.488206
"1312","New Jersey","Nov",4,NA,189.1225233
"1313","New Jersey","Oct",1,44.6333333333333,273.0287101
"1314","New Jersey","Oct",2,NA,551.8398706
"1315","New Jersey","Oct",3,NA,162.488206
"1316","New Jersey","Oct",4,NA,189.1225233
"1317","New Jersey","Sep",1,19.7,273.0287101
"1318","New Jersey","Sep",2,NA,551.8398706
"1319","New Jersey","Sep",3,NA,162.488206
"1320","New Jersey","Sep",4,NA,189.1225233
"1321","New Mexico","Apr",1,66.9666666666667,4.118979937
"1322","New Mexico","Apr",2,33.6,7.498867054
"1323","New Mexico","Apr",3,45.9,2.232933712
"1324","New Mexico","Apr",4,67.8,3.00168912
"1325","New Mexico","Aug",1,6.43333333333333,4.118979937
"1326","New Mexico","Aug",2,1.2,7.498867054
"1327","New Mexico","Aug",3,NA,2.232933712
"1328","New Mexico","Aug",4,1.8,3.00168912
"1329","New Mexico","Dec",1,61.2,4.118979937
"1330","New Mexico","Dec",2,26,7.498867054
"1331","New Mexico","Dec",3,39.2,2.232933712
"1332","New Mexico","Dec",4,56.6,3.00168912
"1333","New Mexico","Feb",1,65.8,4.118979937
"1334","New Mexico","Feb",2,31.1,7.498867054
"1335","New Mexico","Feb",3,44.5,2.232933712
"1336","New Mexico","Feb",4,64.5,3.00168912
"1337","New Mexico","Jan",1,63.5333333333333,4.118979937
"1338","New Mexico","Jan",2,28.1,7.498867054
"1339","New Mexico","Jan",3,42.5,2.232933712
"1340","New Mexico","Jan",4,60.3,3.00168912
"1341","New Mexico","Jul",1,NA,4.118979937
"1342","New Mexico","Jul",2,NA,7.498867054
"1343","New Mexico","Jul",3,NA,2.232933712
"1344","New Mexico","Jul",4,NA,3.00168912
"1345","New Mexico","Mar",1,66.5666666666667,4.118979937
"1346","New Mexico","Mar",2,31.5,7.498867054
"1347","New Mexico","Mar",3,45.9,2.232933712
"1348","New Mexico","Mar",4,66.8,3.00168912
"1349","New Mexico","May",1,67.0333333333333,4.118979937
"1350","New Mexico","May",2,33.6,7.498867054
"1351","New Mexico","May",3,45.9,2.232933712
"1352","New Mexico","May",4,68.7,3.00168912
"1353","New Mexico","Nov",1,55.1666666666667,4.118979937
"1354","New Mexico","Nov",2,23.1,7.498867054
"1355","New Mexico","Nov",3,36.1,2.232933712
"1356","New Mexico","Nov",4,51.8,3.00168912
"1357","New Mexico","Oct",1,40.9333333333333,4.118979937
"1358","New Mexico","Oct",2,16.5,7.498867054
"1359","New Mexico","Oct",3,26.4,2.232933712
"1360","New Mexico","Oct",4,39.7,3.00168912
"1361","New Mexico","Sep",1,16.1,4.118979937
"1362","New Mexico","Sep",2,4.9,7.498867054
"1363","New Mexico","Sep",3,7.8,2.232933712
"1364","New Mexico","Sep",4,14.6,3.00168912
"1365","New York","Apr",1,70.2,88.57360664
"1366","New York","Apr",2,38,193.6811791
"1367","New York","Apr",3,48.8,54.49771303
"1368","New York","Apr",4,65.5,65.94528206
"1369","New York","Aug",1,5.76666666666667,88.57360664
"1370","New York","Aug",2,1.2,193.6811791
"1371","New York","Aug",3,0.8,54.49771303
"1372","New York","Aug",4,1.5,65.94528206
"1373","New York","Dec",1,62.9333333333333,88.57360664
"1374","New York","Dec",2,29.9,193.6811791
"1375","New York","Dec",3,41.4,54.49771303
"1376","New York","Dec",4,54.7,65.94528206
"1377","New York","Feb",1,68.1,88.57360664
"1378","New York","Feb",2,36.6,193.6811791
"1379","New York","Feb",3,47.9,54.49771303
"1380","New York","Feb",4,62.7,65.94528206
"1381","New York","Jan",1,66.1,88.57360664
"1382","New York","Jan",2,33.9,193.6811791
"1383","New York","Jan",3,45.9,54.49771303
"1384","New York","Jan",4,58.8,65.94528206
"1385","New York","Jul",1,NA,88.57360664
"1386","New York","Jul",2,NA,193.6811791
"1387","New York","Jul",3,0.1,54.49771303
"1388","New York","Jul",4,NA,65.94528206
"1389","New York","Mar",1,69.9666666666667,88.57360664
"1390","New York","Mar",2,37.3,193.6811791
"1391","New York","Mar",3,48.5,54.49771303
"1392","New York","Mar",4,63.8,65.94528206
"1393","New York","May",1,70.3333333333333,88.57360664
"1394","New York","May",2,38.6,193.6811791
"1395","New York","May",3,49.3,54.49771303
"1396","New York","May",4,66.3,65.94528206
"1397","New York","Nov",1,56.6333333333333,88.57360664
"1398","New York","Nov",2,25.3,193.6811791
"1399","New York","Nov",3,37.2,54.49771303
"1400","New York","Nov",4,49.5,65.94528206
"1401","New York","Oct",1,41.9,88.57360664
"1402","New York","Oct",2,16.3,193.6811791
"1403","New York","Oct",3,27.1,54.49771303
"1404","New York","Oct",4,37.7,65.94528206
"1405","New York","Sep",1,19.1333333333333,88.57360664
"1406","New York","Sep",2,5.4,193.6811791
"1407","New York","Sep",3,7.8,54.49771303
"1408","New York","Sep",4,11.8,65.94528206
"1409","North Carolina","Apr",1,65.2,48.92647481
"1410","North Carolina","Apr",2,43,96.10616199
"1411","North Carolina","Apr",3,51.7,27.31433967
"1412","North Carolina","Apr",4,72.9,33.82938544
"1413","North Carolina","Aug",1,7.3,48.92647481
"1414","North Carolina","Aug",2,1.7,96.10616199
"1415","North Carolina","Aug",3,1.5,27.31433967
"1416","North Carolina","Aug",4,NA,33.82938544
"1417","North Carolina","Dec",1,57.0333333333333,48.92647481
"1418","North Carolina","Dec",2,33.3,96.10616199
"1419","North Carolina","Dec",3,44.7,27.31433967
"1420","North Carolina","Dec",4,65,33.82938544
"1421","North Carolina","Feb",1,61.5666666666667,48.92647481
"1422","North Carolina","Feb",2,39.6,96.10616199
"1423","North Carolina","Feb",3,50.7,27.31433967
"1424","North Carolina","Feb",4,71,33.82938544
"1425","North Carolina","Jan",1,60.0333333333333,48.92647481
"1426","North Carolina","Jan",2,36.9,96.10616199
"1427","North Carolina","Jan",3,48.4,27.31433967
"1428","North Carolina","Jan",4,69.1,33.82938544
"1429","North Carolina","Jul",1,NA,48.92647481
"1430","North Carolina","Jul",2,NA,96.10616199
"1431","North Carolina","Jul",3,NA,27.31433967
"1432","North Carolina","Jul",4,NA,33.82938544
"1433","North Carolina","Mar",1,63.8666666666667,48.92647481
"1434","North Carolina","Mar",2,41.8,96.10616199
"1435","North Carolina","Mar",3,51.2,27.31433967
"1436","North Carolina","Mar",4,72.6,33.82938544
"1437","North Carolina","May",1,65.5,48.92647481
"1438","North Carolina","May",2,43.5,96.10616199
"1439","North Carolina","May",3,51.7,27.31433967
"1440","North Carolina","May",4,72.9,33.82938544
"1441","North Carolina","Nov",1,50.8666666666667,48.92647481
"1442","North Carolina","Nov",2,30.6,96.10616199
"1443","North Carolina","Nov",3,40.5,27.31433967
"1444","North Carolina","Nov",4,60.9,33.82938544
"1445","North Carolina","Oct",1,38.0666666666667,48.92647481
"1446","North Carolina","Oct",2,23.3,96.10616199
"1447","North Carolina","Oct",3,30.8,27.31433967
"1448","North Carolina","Oct",4,47.7,33.82938544
"1449","North Carolina","Sep",1,16.3333333333333,48.92647481
"1450","North Carolina","Sep",2,6,96.10616199
"1451","North Carolina","Sep",3,7,27.31433967
"1452","North Carolina","Sep",4,14.6,33.82938544
"1453","North Dakota","Apr",1,64.2,2.556744065
"1454","North Dakota","Apr",2,40.3,5.042467461
"1455","North Dakota","Apr",3,45.8,1.403020553
"1456","North Dakota","Apr",4,67.4,1.588543931
"1457","North Dakota","Aug",1,4.3,2.556744065
"1458","North Dakota","Aug",2,NA,5.042467461
"1459","North Dakota","Aug",3,NA,1.403020553
"1460","North Dakota","Aug",4,0.9,1.588543931
"1461","North Dakota","Dec",1,60.4,2.556744065
"1462","North Dakota","Dec",2,34,5.042467461
"1463","North Dakota","Dec",3,42.6,1.403020553
"1464","North Dakota","Dec",4,62.1,1.588543931
"1465","North Dakota","Feb",1,63.4333333333333,2.556744065
"1466","North Dakota","Feb",2,37.9,5.042467461
"1467","North Dakota","Feb",3,45.3,1.403020553
"1468","North Dakota","Feb",4,65.7,1.588543931
"1469","North Dakota","Jan",1,62,2.556744065
"1470","North Dakota","Jan",2,37.4,5.042467461
"1471","North Dakota","Jan",3,44.5,1.403020553
"1472","North Dakota","Jan",4,64.8,1.588543931
"1473","North Dakota","Jul",1,NA,2.556744065
"1474","North Dakota","Jul",2,NA,5.042467461
"1475","North Dakota","Jul",3,NA,1.403020553
"1476","North Dakota","Jul",4,NA,1.588543931
"1477","North Dakota","Mar",1,64,2.556744065
"1478","North Dakota","Mar",2,39,5.042467461
"1479","North Dakota","Mar",3,45.5,1.403020553
"1480","North Dakota","Mar",4,67,1.588543931
"1481","North Dakota","May",1,64.2,2.556744065
"1482","North Dakota","May",2,40.3,5.042467461
"1483","North Dakota","May",3,45.8,1.403020553
"1484","North Dakota","May",4,68.6,1.588543931
"1485","North Dakota","Nov",1,58.1666666666667,2.556744065
"1486","North Dakota","Nov",2,31.6,5.042467461
"1487","North Dakota","Nov",3,40.2,1.403020553
"1488","North Dakota","Nov",4,59.2,1.588543931
"1489","North Dakota","Oct",1,45.8,2.556744065
"1490","North Dakota","Oct",2,22.1,5.042467461
"1491","North Dakota","Oct",3,30.5,1.403020553
"1492","North Dakota","Oct",4,46.8,1.588543931
"1493","North Dakota","Sep",1,15.3,2.556744065
"1494","North Dakota","Sep",2,3.9,5.042467461
"1495","North Dakota","Sep",3,6.2,1.403020553
"1496","North Dakota","Sep",4,9.2,1.588543931
"1497","Ohio","Apr",1,60.0333333333333,65.01843577
"1498","Ohio","Apr",2,35.7,126.2325104
"1499","Ohio","Apr",3,49.1,39.00568945
"1500","Ohio","Apr",4,69.5,47.03196347
"1501","Ohio","Aug",1,4.66666666666667,65.01843577
"1502","Ohio","Aug",2,1.4,126.2325104
"1503","Ohio","Aug",3,1.1,39.00568945
"1504","Ohio","Aug",4,2.1,47.03196347
"1505","Ohio","Dec",1,53,65.01843577
"1506","Ohio","Dec",2,30.6,126.2325104
"1507","Ohio","Dec",3,43.2,39.00568945
"1508","Ohio","Dec",4,61.8,47.03196347
"1509","Ohio","Feb",1,58.4666666666667,65.01843577
"1510","Ohio","Feb",2,34.7,126.2325104
"1511","Ohio","Feb",3,48,39.00568945
"1512","Ohio","Feb",4,66.7,47.03196347
"1513","Ohio","Jan",1,57.1,65.01843577
"1514","Ohio","Jan",2,33,126.2325104
"1515","Ohio","Jan",3,46.6,39.00568945
"1516","Ohio","Jan",4,64.6,47.03196347
"1517","Ohio","Jul",1,NA,65.01843577
"1518","Ohio","Jul",2,NA,126.2325104
"1519","Ohio","Jul",3,NA,39.00568945
"1520","Ohio","Jul",4,NA,47.03196347
"1521","Ohio","Mar",1,59.3666666666667,65.01843577
"1522","Ohio","Mar",2,35.2,126.2325104
"1523","Ohio","Mar",3,49,39.00568945
"1524","Ohio","Mar",4,68.5,47.03196347
"1525","Ohio","May",1,60.0333333333333,65.01843577
"1526","Ohio","May",2,36.1,126.2325104
"1527","Ohio","May",3,49.1,39.00568945
"1528","Ohio","May",4,70,47.03196347
"1529","Ohio","Nov",1,49.8,65.01843577
"1530","Ohio","Nov",2,26.9,126.2325104
"1531","Ohio","Nov",3,39.7,39.00568945
"1532","Ohio","Nov",4,56.5,47.03196347
"1533","Ohio","Oct",1,37.2333333333333,65.01843577
"1534","Ohio","Oct",2,19.3,126.2325104
"1535","Ohio","Oct",3,31,39.00568945
"1536","Ohio","Oct",4,44,47.03196347
"1537","Ohio","Sep",1,15.5666666666667,65.01843577
"1538","Ohio","Sep",2,5.7,126.2325104
"1539","Ohio","Sep",3,9.3,39.00568945
"1540","Ohio","Sep",4,15.3,47.03196347
"1541","Oklahoma","Apr",1,56.1666666666667,14.37702937
"1542","Oklahoma","Apr",2,38.5,25.41242592
"1543","Oklahoma","Apr",3,49.7,7.060382359
"1544","Oklahoma","Apr",4,74.1,8.712998151
"1545","Oklahoma","Aug",1,5.1,14.37702937
"1546","Oklahoma","Aug",2,NA,25.41242592
"1547","Oklahoma","Aug",3,NA,7.060382359
"1548","Oklahoma","Aug",4,NA,8.712998151
"1549","Oklahoma","Dec",1,50.3333333333333,14.37702937
"1550","Oklahoma","Dec",2,32,25.41242592
"1551","Oklahoma","Dec",3,43.1,7.060382359
"1552","Oklahoma","Dec",4,66.6,8.712998151
"1553","Oklahoma","Feb",1,55.3666666666667,14.37702937
"1554","Oklahoma","Feb",2,35.7,25.41242592
"1555","Oklahoma","Feb",3,48,7.060382359
"1556","Oklahoma","Feb",4,72.3,8.712998151
"1557","Oklahoma","Jan",1,54.1333333333333,14.37702937
"1558","Oklahoma","Jan",2,34.6,25.41242592
"1559","Oklahoma","Jan",3,46,7.060382359
"1560","Oklahoma","Jan",4,69.8,8.712998151
"1561","Oklahoma","Jul",1,NA,14.37702937
"1562","Oklahoma","Jul",2,NA,25.41242592
"1563","Oklahoma","Jul",3,NA,7.060382359
"1564","Oklahoma","Jul",4,NA,8.712998151
"1565","Oklahoma","Mar",1,56.1666666666667,14.37702937
"1566","Oklahoma","Mar",2,37,25.41242592
"1567","Oklahoma","Mar",3,49.7,7.060382359
"1568","Oklahoma","Mar",4,73.6,8.712998151
"1569","Oklahoma","May",1,56.3666666666667,14.37702937
"1570","Oklahoma","May",2,39.9,25.41242592
"1571","Oklahoma","May",3,49.7,7.060382359
"1572","Oklahoma","May",4,75.5,8.712998151
"1573","Oklahoma","Nov",1,46.6,14.37702937
"1574","Oklahoma","Nov",2,29.2,25.41242592
"1575","Oklahoma","Nov",3,40.3,7.060382359
"1576","Oklahoma","Nov",4,63.9,8.712998151
"1577","Oklahoma","Oct",1,36.9,14.37702937
"1578","Oklahoma","Oct",2,20.5,25.41242592
"1579","Oklahoma","Oct",3,31.4,7.060382359
"1580","Oklahoma","Oct",4,48.8,8.712998151
"1581","Oklahoma","Sep",1,13.2,14.37702937
"1582","Oklahoma","Sep",2,4.7,25.41242592
"1583","Oklahoma","Sep",3,7.3,7.060382359
"1584","Oklahoma","Sep",4,11.7,8.712998151
"1585","Oregon","Apr",1,62.1666666666667,9.353874358
"1586","Oregon","Apr",2,33.9,20.25457538
"1587","Oregon","Apr",3,47.2,5.615449517
"1588","Oregon","Apr",4,68.1,7.596637605
"1589","Oregon","Aug",1,4.16666666666667,9.353874358
"1590","Oregon","Aug",2,1.1,20.25457538
"1591","Oregon","Aug",3,NA,5.615449517
"1592","Oregon","Aug",4,1.2,7.596637605
"1593","Oregon","Dec",1,52.7666666666667,9.353874358
"1594","Oregon","Dec",2,26.5,20.25457538
"1595","Oregon","Dec",3,38.2,5.615449517
"1596","Oregon","Dec",4,59.6,7.596637605
"1597","Oregon","Feb",1,59.2333333333333,9.353874358
"1598","Oregon","Feb",2,31.1,20.25457538
"1599","Oregon","Feb",3,43.3,5.615449517
"1600","Oregon","Feb",4,65.4,7.596637605
"1601","Oregon","Jan",1,56.1333333333333,9.353874358
"1602","Oregon","Jan",2,29,20.25457538
"1603","Oregon","Jan",3,40.9,5.615449517
"1604","Oregon","Jan",4,63,7.596637605
"1605","Oregon","Jul",1,NA,9.353874358
"1606","Oregon","Jul",2,0.7,20.25457538
"1607","Oregon","Jul",3,NA,5.615449517
"1608","Oregon","Jul",4,NA,7.596637605
"1609","Oregon","Mar",1,61.6,9.353874358
"1610","Oregon","Mar",2,33,20.25457538
"1611","Oregon","Mar",3,45.4,5.615449517
"1612","Oregon","Mar",4,66.6,7.596637605
"1613","Oregon","May",1,62.1666666666667,9.353874358
"1614","Oregon","May",2,33.9,20.25457538
"1615","Oregon","May",3,47.2,5.615449517
"1616","Oregon","May",4,68.1,7.596637605
"1617","Oregon","Nov",1,48.0666666666667,9.353874358
"1618","Oregon","Nov",2,23.7,20.25457538
"1619","Oregon","Nov",3,33.2,5.615449517
"1620","Oregon","Nov",4,55.1,7.596637605
"1621","Oregon","Oct",1,35.5333333333333,9.353874358
"1622","Oregon","Oct",2,16.4,20.25457538
"1623","Oregon","Oct",3,24.2,5.615449517
"1624","Oregon","Oct",4,42.4,7.596637605
"1625","Oregon","Sep",1,13.3666666666667,9.353874358
"1626","Oregon","Sep",2,5,20.25457538
"1627","Oregon","Sep",3,6,5.615449517
"1628","Oregon","Sep",4,12.2,7.596637605
"1629","Pennsylvania","Apr",1,70.2,60.69165551
"1630","Pennsylvania","Apr",2,36.9,125.4306113
"1631","Pennsylvania","Apr",3,54.3,40.04462294
"1632","Pennsylvania","Apr",4,73.5,50.22980812
"1633","Pennsylvania","Aug",1,5.3,60.69165551
"1634","Pennsylvania","Aug",2,1.2,125.4306113
"1635","Pennsylvania","Aug",3,1.5,40.04462294
"1636","Pennsylvania","Aug",4,2.1,50.22980812
"1637","Pennsylvania","Dec",1,62.9,60.69165551
"1638","Pennsylvania","Dec",2,30.7,125.4306113
"1639","Pennsylvania","Dec",3,47.8,40.04462294
"1640","Pennsylvania","Dec",4,66.3,50.22980812
"1641","Pennsylvania","Feb",1,68.4333333333333,60.69165551
"1642","Pennsylvania","Feb",2,35.1,125.4306113
"1643","Pennsylvania","Feb",3,52.4,40.04462294
"1644","Pennsylvania","Feb",4,70.6,50.22980812
"1645","Pennsylvania","Jan",1,66.4666666666667,60.69165551
"1646","Pennsylvania","Jan",2,33.4,125.4306113
"1647","Pennsylvania","Jan",3,49.6,40.04462294
"1648","Pennsylvania","Jan",4,68.5,50.22980812
"1649","Pennsylvania","Jul",1,NA,60.69165551
"1650","Pennsylvania","Jul",2,NA,125.4306113
"1651","Pennsylvania","Jul",3,NA,40.04462294
"1652","Pennsylvania","Jul",4,NA,50.22980812
"1653","Pennsylvania","Mar",1,69.7,60.69165551
"1654","Pennsylvania","Mar",2,36.7,125.4306113
"1655","Pennsylvania","Mar",3,53.6,40.04462294
"1656","Pennsylvania","Mar",4,72.2,50.22980812
"1657","Pennsylvania","May",1,70.6333333333333,60.69165551
"1658","Pennsylvania","May",2,36.9,125.4306113
"1659","Pennsylvania","May",3,54.8,40.04462294
"1660","Pennsylvania","May",4,73.8,50.22980812
"1661","Pennsylvania","Nov",1,57.5333333333333,60.69165551
"1662","Pennsylvania","Nov",2,28.9,125.4306113
"1663","Pennsylvania","Nov",3,44.7,40.04462294
"1664","Pennsylvania","Nov",4,62.4,50.22980812
"1665","Pennsylvania","Oct",1,45.2,60.69165551
"1666","Pennsylvania","Oct",2,21,125.4306113
"1667","Pennsylvania","Oct",3,34.6,40.04462294
"1668","Pennsylvania","Oct",4,48.8,50.22980812
"1669","Pennsylvania","Sep",1,19.7333333333333,60.69165551
"1670","Pennsylvania","Sep",2,6.1,125.4306113
"1671","Pennsylvania","Sep",3,10.1,40.04462294
"1672","Pennsylvania","Sep",4,16.1,50.22980812
"1673","Rhode Island","Apr",1,78,200.6769826
"1674","Rhode Island","Apr",2,47.9,467.8916828
"1675","Rhode Island","Apr",3,56.2,142.8433269
"1676","Rhode Island","Apr",4,73.4,169.245648
"1677","Rhode Island","Aug",1,NA,200.6769826
"1678","Rhode Island","Aug",2,NA,467.8916828
"1679","Rhode Island","Aug",3,NA,142.8433269
"1680","Rhode Island","Aug",4,NA,169.245648
"1681","Rhode Island","Dec",1,71.9,200.6769826
"1682","Rhode Island","Dec",2,37.3,467.8916828
"1683","Rhode Island","Dec",3,49.4,142.8433269
"1684","Rhode Island","Dec",4,64.5,169.245648
"1685","Rhode Island","Feb",1,77,200.6769826
"1686","Rhode Island","Feb",2,44.1,467.8916828
"1687","Rhode Island","Feb",3,55.2,142.8433269
"1688","Rhode Island","Feb",4,71.7,169.245648
"1689","Rhode Island","Jan",1,75.2,200.6769826
"1690","Rhode Island","Jan",2,42.4,467.8916828
"1691","Rhode Island","Jan",3,52,142.8433269
"1692","Rhode Island","Jan",4,69,169.245648
"1693","Rhode Island","Jul",1,NA,200.6769826
"1694","Rhode Island","Jul",2,NA,467.8916828
"1695","Rhode Island","Jul",3,0,142.8433269
"1696","Rhode Island","Jul",4,NA,169.245648
"1697","Rhode Island","Mar",1,77.6666666666667,200.6769826
"1698","Rhode Island","Mar",2,45.8,467.8916828
"1699","Rhode Island","Mar",3,55.8,142.8433269
"1700","Rhode Island","Mar",4,72.6,169.245648
"1701","Rhode Island","May",1,78.6666666666667,200.6769826
"1702","Rhode Island","May",2,48.7,467.8916828
"1703","Rhode Island","May",3,56.2,142.8433269
"1704","Rhode Island","May",4,74.1,169.245648
"1705","Rhode Island","Nov",1,66.8333333333333,200.6769826
"1706","Rhode Island","Nov",2,33.9,467.8916828
"1707","Rhode Island","Nov",3,44.9,142.8433269
"1708","Rhode Island","Nov",4,57.6,169.245648
"1709","Rhode Island","Oct",1,50.5333333333333,200.6769826
"1710","Rhode Island","Oct",2,21,467.8916828
"1711","Rhode Island","Oct",3,31.9,142.8433269
"1712","Rhode Island","Oct",4,41.5,169.245648
"1713","Rhode Island","Sep",1,18.2,200.6769826
"1714","Rhode Island","Sep",2,5.7,467.8916828
"1715","Rhode Island","Sep",3,6.9,142.8433269
"1716","Rhode Island","Sep",4,11,169.245648
"1717","South Carolina","Apr",1,59.7666666666667,38.2252333
"1718","South Carolina","Apr",2,29.5,73.87001428
"1719","South Carolina","Apr",3,46.4,22.36724121
"1720","South Carolina","Apr",4,68.9,29.2550895
"1721","South Carolina","Aug",1,6.3,38.2252333
"1722","South Carolina","Aug",2,1.5,73.87001428
"1723","South Carolina","Aug",3,1.4,22.36724121
"1724","South Carolina","Aug",4,2.2,29.2550895
"1725","South Carolina","Dec",1,50.4,38.2252333
"1726","South Carolina","Dec",2,24.4,73.87001428
"1727","South Carolina","Dec",3,40.1,22.36724121
"1728","South Carolina","Dec",4,58.6,29.2550895
"1729","South Carolina","Feb",1,56.8666666666667,38.2252333
"1730","South Carolina","Feb",2,27.9,73.87001428
"1731","South Carolina","Feb",3,45.1,22.36724121
"1732","South Carolina","Feb",4,66.2,29.2550895
"1733","South Carolina","Jan",1,55,38.2252333
"1734","South Carolina","Jan",2,26.5,73.87001428
"1735","South Carolina","Jan",3,44.1,22.36724121
"1736","South Carolina","Jan",4,63,29.2550895
"1737","South Carolina","Jul",1,NA,38.2252333
"1738","South Carolina","Jul",2,NA,73.87001428
"1739","South Carolina","Jul",3,NA,22.36724121
"1740","South Carolina","Jul",4,NA,29.2550895
"1741","South Carolina","Mar",1,58.4666666666667,38.2252333
"1742","South Carolina","Mar",2,28.8,73.87001428
"1743","South Carolina","Mar",3,45.8,22.36724121
"1744","South Carolina","Mar",4,67.9,29.2550895
"1745","South Carolina","May",1,59.7666666666667,38.2252333
"1746","South Carolina","May",2,29.5,73.87001428
"1747","South Carolina","May",3,47.7,22.36724121
"1748","South Carolina","May",4,68.9,29.2550895
"1749","South Carolina","Nov",1,46.4666666666667,38.2252333
"1750","South Carolina","Nov",2,21.6,73.87001428
"1751","South Carolina","Nov",3,37,22.36724121
"1752","South Carolina","Nov",4,55.7,29.2550895
"1753","South Carolina","Oct",1,33.8333333333333,38.2252333
"1754","South Carolina","Oct",2,14.6,73.87001428
"1755","South Carolina","Oct",3,27.5,22.36724121
"1756","South Carolina","Oct",4,43.9,29.2550895
"1757","South Carolina","Sep",1,14.8,38.2252333
"1758","South Carolina","Sep",2,4.6,73.87001428
"1759","South Carolina","Sep",3,7,22.36724121
"1760","South Carolina","Sep",4,14.1,29.2550895
"1761","South Dakota","Apr",1,66.3333333333333,2.888086643
"1762","South Dakota","Apr",2,41.1,4.925030963
"1763","South Dakota","Apr",3,55.4,1.537589923
"1764","South Dakota","Apr",4,66.9,1.831405307
"1765","South Dakota","Aug",1,NA,2.888086643
"1766","South Dakota","Aug",2,NA,4.925030963
"1767","South Dakota","Aug",3,NA,1.537589923
"1768","South Dakota","Aug",4,NA,1.831405307
"1769","South Dakota","Dec",1,59.7,2.888086643
"1770","South Dakota","Dec",2,36.1,4.925030963
"1771","South Dakota","Dec",3,51.5,1.537589923
"1772","South Dakota","Dec",4,60.6,1.831405307
"1773","South Dakota","Feb",1,63.2666666666667,2.888086643
"1774","South Dakota","Feb",2,40.2,4.925030963
"1775","South Dakota","Feb",3,54.6,1.537589923
"1776","South Dakota","Feb",4,65.3,1.831405307
"1777","South Dakota","Jan",1,62.6333333333333,2.888086643
"1778","South Dakota","Jan",2,37.9,4.925030963
"1779","South Dakota","Jan",3,52.8,1.537589923
"1780","South Dakota","Jan",4,64.5,1.831405307
"1781","South Dakota","Jul",1,NA,2.888086643
"1782","South Dakota","Jul",2,0,4.925030963
"1783","South Dakota","Jul",3,0,1.537589923
"1784","South Dakota","Jul",4,0,1.831405307
"1785","South Dakota","Mar",1,63.7333333333333,2.888086643
"1786","South Dakota","Mar",2,41.1,4.925030963
"1787","South Dakota","Mar",3,54.8,1.537589923
"1788","South Dakota","Mar",4,65.9,1.831405307
"1789","South Dakota","May",1,67.4,2.888086643
"1790","South Dakota","May",2,41.1,4.925030963
"1791","South Dakota","May",3,55.5,1.537589923
"1792","South Dakota","May",4,67.1,1.831405307
"1793","South Dakota","Nov",1,55.9,2.888086643
"1794","South Dakota","Nov",2,32.6,4.925030963
"1795","South Dakota","Nov",3,47.4,1.537589923
"1796","South Dakota","Nov",4,55.9,1.831405307
"1797","South Dakota","Oct",1,40.3666666666667,2.888086643
"1798","South Dakota","Oct",2,21.9,4.925030963
"1799","South Dakota","Oct",3,36.2,1.537589923
"1800","South Dakota","Oct",4,42,1.831405307
"1801","South Dakota","Sep",1,10.8333333333333,2.888086643
"1802","South Dakota","Sep",2,4.5,4.925030963
"1803","South Dakota","Sep",3,8.3,1.537589923
"1804","South Dakota","Sep",4,8.7,1.831405307
"1805","Tennessee","Apr",1,62.3,37.79233382
"1806","Tennessee","Apr",2,33.3,74.46142649
"1807","Tennessee","Apr",3,46.1,21.45803008
"1808","Tennessee","Apr",4,66.9,26.072295
"1809","Tennessee","Aug",1,5.03333333333333,37.79233382
"1810","Tennessee","Aug",2,0.7,74.46142649
"1811","Tennessee","Aug",3,NA,21.45803008
"1812","Tennessee","Aug",4,1.8,26.072295
"1813","Tennessee","Dec",1,55.6,37.79233382
"1814","Tennessee","Dec",2,26.6,74.46142649
"1815","Tennessee","Dec",3,39,21.45803008
"1816","Tennessee","Dec",4,60.4,26.072295
"1817","Tennessee","Feb",1,60.5666666666667,37.79233382
"1818","Tennessee","Feb",2,30.8,74.46142649
"1819","Tennessee","Feb",3,44.8,21.45803008
"1820","Tennessee","Feb",4,66.2,26.072295
"1821","Tennessee","Jan",1,58.1666666666667,37.79233382
"1822","Tennessee","Jan",2,29.1,74.46142649
"1823","Tennessee","Jan",3,42.8,21.45803008
"1824","Tennessee","Jan",4,65,26.072295
"1825","Tennessee","Jul",1,NA,37.79233382
"1826","Tennessee","Jul",2,0,74.46142649
"1827","Tennessee","Jul",3,NA,21.45803008
"1828","Tennessee","Jul",4,NA,26.072295
"1829","Tennessee","Mar",1,61.4333333333333,37.79233382
"1830","Tennessee","Mar",2,31.4,74.46142649
"1831","Tennessee","Mar",3,45.4,21.45803008
"1832","Tennessee","Mar",4,66.7,26.072295
"1833","Tennessee","May",1,62.5,37.79233382
"1834","Tennessee","May",2,33.3,74.46142649
"1835","Tennessee","May",3,46.1,21.45803008
"1836","Tennessee","May",4,66.9,26.072295
"1837","Tennessee","Nov",1,50.8333333333333,37.79233382
"1838","Tennessee","Nov",2,23.8,74.46142649
"1839","Tennessee","Nov",3,35.3,21.45803008
"1840","Tennessee","Nov",4,54.3,26.072295
"1841","Tennessee","Oct",1,40.7,37.79233382
"1842","Tennessee","Oct",2,17.9,74.46142649
"1843","Tennessee","Oct",3,27.3,21.45803008
"1844","Tennessee","Oct",4,39.1,26.072295
"1845","Tennessee","Sep",1,17.2333333333333,37.79233382
"1846","Tennessee","Sep",2,4.7,74.46142649
"1847","Tennessee","Sep",3,9.4,21.45803008
"1848","Tennessee","Sep",4,11.8,26.072295
"1849","Texas","Apr",1,62.5333333333333,29.41843506
"1850","Texas","Apr",2,33.3,51.95369472
"1851","Texas","Apr",3,47.1,12.2208053
"1852","Texas","Apr",4,67.4,13.40401811
"1853","Texas","Aug",1,7.43333333333333,29.41843506
"1854","Texas","Aug",2,1.2,51.95369472
"1855","Texas","Aug",3,1.5,12.2208053
"1856","Texas","Aug",4,2.2,13.40401811
"1857","Texas","Dec",1,54.3333333333333,29.41843506
"1858","Texas","Dec",2,26.2,51.95369472
"1859","Texas","Dec",3,39.1,12.2208053
"1860","Texas","Dec",4,57.1,13.40401811
"1861","Texas","Feb",1,60.4333333333333,29.41843506
"1862","Texas","Feb",2,31.3,51.95369472
"1863","Texas","Feb",3,45.2,12.2208053
"1864","Texas","Feb",4,64.7,13.40401811
"1865","Texas","Jan",1,57.6,29.41843506
"1866","Texas","Jan",2,29.8,51.95369472
"1867","Texas","Jan",3,43.2,12.2208053
"1868","Texas","Jan",4,61.8,13.40401811
"1869","Texas","Jul",1,2.06666666666667,29.41843506
"1870","Texas","Jul",2,NA,51.95369472
"1871","Texas","Jul",3,0.1,12.2208053
"1872","Texas","Jul",4,NA,13.40401811
"1873","Texas","Mar",1,61.7333333333333,29.41843506
"1874","Texas","Mar",2,32.4,51.95369472
"1875","Texas","Mar",3,46.4,12.2208053
"1876","Texas","Mar",4,66.2,13.40401811
"1877","Texas","May",1,62.8,29.41843506
"1878","Texas","May",2,33.5,51.95369472
"1879","Texas","May",3,47.3,12.2208053
"1880","Texas","May",4,67.5,13.40401811
"1881","Texas","Nov",1,49.7333333333333,29.41843506
"1882","Texas","Nov",2,22.5,51.95369472
"1883","Texas","Nov",3,34.9,12.2208053
"1884","Texas","Nov",4,52.2,13.40401811
"1885","Texas","Oct",1,38.8,29.41843506
"1886","Texas","Oct",2,16,51.95369472
"1887","Texas","Oct",3,27.4,12.2208053
"1888","Texas","Oct",4,40.4,13.40401811
"1889","Texas","Sep",1,18.4,29.41843506
"1890","Texas","Sep",2,5.6,51.95369472
"1891","Texas","Sep",3,9.1,12.2208053
"1892","Texas","Sep",4,13.7,13.40401811
"1893","Utah","Apr",1,57.4,11.76248661
"1894","Utah","Apr",2,34.2,18.22607341
"1895","Utah","Apr",3,46.1,3.631584072
"1896","Utah","Apr",4,63.8,4.17680849
"1897","Utah","Aug",1,NA,11.76248661
"1898","Utah","Aug",2,0.9,18.22607341
"1899","Utah","Aug",3,0.9,3.631584072
"1900","Utah","Aug",4,1.2,4.17680849
"1901","Utah","Dec",1,50.8,11.76248661
"1902","Utah","Dec",2,29.5,18.22607341
"1903","Utah","Dec",3,41.4,3.631584072
"1904","Utah","Dec",4,56.6,4.17680849
"1905","Utah","Feb",1,54.9333333333333,11.76248661
"1906","Utah","Feb",2,32.8,18.22607341
"1907","Utah","Feb",3,45.8,3.631584072
"1908","Utah","Feb",4,61.3,4.17680849
"1909","Utah","Jan",1,54.0333333333333,11.76248661
"1910","Utah","Jan",2,31.6,18.22607341
"1911","Utah","Jan",3,44,3.631584072
"1912","Utah","Jan",4,59.2,4.17680849
"1913","Utah","Jul",1,NA,11.76248661
"1914","Utah","Jul",2,NA,18.22607341
"1915","Utah","Jul",3,0,3.631584072
"1916","Utah","Jul",4,NA,4.17680849
"1917","Utah","Mar",1,55.7666666666667,11.76248661
"1918","Utah","Mar",2,33.7,18.22607341
"1919","Utah","Mar",3,46.1,3.631584072
"1920","Utah","Mar",4,63.3,4.17680849
"1921","Utah","May",1,57.4,11.76248661
"1922","Utah","May",2,34.7,18.22607341
"1923","Utah","May",3,46.1,3.631584072
"1924","Utah","May",4,64.2,4.17680849
"1925","Utah","Nov",1,46.3,11.76248661
"1926","Utah","Nov",2,27,18.22607341
"1927","Utah","Nov",3,39.2,3.631584072
"1928","Utah","Nov",4,52.9,4.17680849
"1929","Utah","Oct",1,37.3,11.76248661
"1930","Utah","Oct",2,19.4,18.22607341
"1931","Utah","Oct",3,29.8,3.631584072
"1932","Utah","Oct",4,42.2,4.17680849
"1933","Utah","Sep",1,13.4333333333333,11.76248661
"1934","Utah","Sep",2,6.1,18.22607341
"1935","Utah","Sep",3,7.8,3.631584072
"1936","Utah","Sep",4,13.6,4.17680849
"1937","Vermont","Apr",1,60.5666666666667,12.65001622
"1938","Vermont","Apr",2,37.8,29.05178938
"1939","Vermont","Apr",3,53.9,10.34706455
"1940","Vermont","Apr",4,69.4,12.88787977
"1941","Vermont","Aug",1,NA,12.65001622
"1942","Vermont","Aug",2,NA,29.05178938
"1943","Vermont","Aug",3,NA,10.34706455
"1944","Vermont","Aug",4,1.1,12.88787977
"1945","Vermont","Dec",1,55.2,12.65001622
"1946","Vermont","Dec",2,33.5,29.05178938
"1947","Vermont","Dec",3,49.1,10.34706455
"1948","Vermont","Dec",4,63.2,12.88787977
"1949","Vermont","Feb",1,59.7,12.65001622
"1950","Vermont","Feb",2,37.5,29.05178938
"1951","Vermont","Feb",3,52.3,10.34706455
"1952","Vermont","Feb",4,67.3,12.88787977
"1953","Vermont","Jan",1,58,12.65001622
"1954","Vermont","Jan",2,36.2,29.05178938
"1955","Vermont","Jan",3,51.3,10.34706455
"1956","Vermont","Jan",4,64.9,12.88787977
"1957","Vermont","Jul",1,NA,12.65001622
"1958","Vermont","Jul",2,NA,29.05178938
"1959","Vermont","Jul",3,NA,10.34706455
"1960","Vermont","Jul",4,NA,12.88787977
"1961","Vermont","Mar",1,60.4,12.65001622
"1962","Vermont","Mar",2,37.5,29.05178938
"1963","Vermont","Mar",3,53.4,10.34706455
"1964","Vermont","Mar",4,68,12.88787977
"1965","Vermont","May",1,60.5666666666667,12.65001622
"1966","Vermont","May",2,37.8,29.05178938
"1967","Vermont","May",3,53.9,10.34706455
"1968","Vermont","May",4,69.4,12.88787977
"1969","Vermont","Nov",1,49,12.65001622
"1970","Vermont","Nov",2,29.3,29.05178938
"1971","Vermont","Nov",3,44.4,10.34706455
"1972","Vermont","Nov",4,59.5,12.88787977
"1973","Vermont","Oct",1,34.8666666666667,12.65001622
"1974","Vermont","Oct",2,18.3,29.05178938
"1975","Vermont","Oct",3,29.8,10.34706455
"1976","Vermont","Oct",4,41.5,12.88787977
"1977","Vermont","Sep",1,10.8666666666667,12.65001622
"1978","Vermont","Sep",2,3.8,29.05178938
"1979","Vermont","Sep",3,5.5,10.34706455
"1980","Vermont","Sep",4,9.4,12.88787977
"1981","Virginia","Apr",1,69.6666666666667,48.81307137
"1982","Virginia","Apr",2,41.5,97.65392192
"1983","Virginia","Apr",3,51.8,27.43572908
"1984","Virginia","Apr",4,71.4,32.72387494
"1985","Virginia","Aug",1,6.26666666666667,48.81307137
"1986","Virginia","Aug",2,1,97.65392192
"1987","Virginia","Aug",3,1.4,27.43572908
"1988","Virginia","Aug",4,2,32.72387494
"1989","Virginia","Dec",1,64,48.81307137
"1990","Virginia","Dec",2,34,97.65392192
"1991","Virginia","Dec",3,45.8,27.43572908
"1992","Virginia","Dec",4,63.6,32.72387494
"1993","Virginia","Feb",1,69.1666666666667,48.81307137
"1994","Virginia","Feb",2,40.5,97.65392192
"1995","Virginia","Feb",3,50.8,27.43572908
"1996","Virginia","Feb",4,70.5,32.72387494
"1997","Virginia","Jan",1,67.1666666666667,48.81307137
"1998","Virginia","Jan",2,37.8,97.65392192
"1999","Virginia","Jan",3,49.4,27.43572908
"2000","Virginia","Jan",4,67.4,32.72387494
"2001","Virginia","Jul",1,NA,48.81307137
"2002","Virginia","Jul",2,NA,97.65392192
"2003","Virginia","Jul",3,0,27.43572908
"2004","Virginia","Jul",4,NA,32.72387494
"2005","Virginia","Mar",1,69.3333333333333,48.81307137
"2006","Virginia","Mar",2,41.2,97.65392192
"2007","Virginia","Mar",3,51.1,27.43572908
"2008","Virginia","Mar",4,71,32.72387494
"2009","Virginia","May",1,69.6666666666667,48.81307137
"2010","Virginia","May",2,42.6,97.65392192
"2011","Virginia","May",3,51.8,27.43572908
"2012","Virginia","May",4,71.4,32.72387494
"2013","Virginia","Nov",1,60.5333333333333,48.81307137
"2014","Virginia","Nov",2,30.6,97.65392192
"2015","Virginia","Nov",3,42.5,27.43572908
"2016","Virginia","Nov",4,58.9,32.72387494
"2017","Virginia","Oct",1,46.8666666666667,48.81307137
"2018","Virginia","Oct",2,22.3,97.65392192
"2019","Virginia","Oct",3,33.1,27.43572908
"2020","Virginia","Oct",4,46.4,32.72387494
"2021","Virginia","Sep",1,20.6,48.81307137
"2022","Virginia","Sep",2,6.3,97.65392192
"2023","Virginia","Sep",3,9.9,27.43572908
"2024","Virginia","Sep",4,14.7,32.72387494
"2025","Washington","Apr",1,63.3,25.68411883
"2026","Washington","Apr",2,41.3,53.45739089
"2027","Washington","Apr",3,53.9,14.35523114
"2028","Washington","Apr",4,70.8,17.16379802
"2029","Washington","Aug",1,6.23333333333333,25.68411883
"2030","Washington","Aug",2,1.7,53.45739089
"2031","Washington","Aug",3,1.2,14.35523114
"2032","Washington","Aug",4,1.9,17.16379802
"2033","Washington","Dec",1,56.5333333333333,25.68411883
"2034","Washington","Dec",2,34.4,53.45739089
"2035","Washington","Dec",3,49.6,14.35523114
"2036","Washington","Dec",4,62.8,17.16379802
"2037","Washington","Feb",1,62.3333333333333,25.68411883
"2038","Washington","Feb",2,40,53.45739089
"2039","Washington","Feb",3,53.1,14.35523114
"2040","Washington","Feb",4,68.3,17.16379802
"2041","Washington","Jan",1,59.4666666666667,25.68411883
"2042","Washington","Jan",2,38.1,53.45739089
"2043","Washington","Jan",3,51.3,14.35523114
"2044","Washington","Jan",4,66.3,17.16379802
"2045","Washington","Jul",1,NA,25.68411883
"2046","Washington","Jul",2,NA,53.45739089
"2047","Washington","Jul",3,NA,14.35523114
"2048","Washington","Jul",4,NA,17.16379802
"2049","Washington","Mar",1,62.8666666666667,25.68411883
"2050","Washington","Mar",2,41.1,53.45739089
"2051","Washington","Mar",3,53.8,14.35523114
"2052","Washington","Mar",4,70,17.16379802
"2053","Washington","May",1,63.5,25.68411883
"2054","Washington","May",2,41.3,53.45739089
"2055","Washington","May",3,53.9,14.35523114
"2056","Washington","May",4,71.7,17.16379802
"2057","Washington","Nov",1,52.5666666666667,25.68411883
"2058","Washington","Nov",2,30.6,53.45739089
"2059","Washington","Nov",3,46.4,14.35523114
"2060","Washington","Nov",4,58.5,17.16379802
"2061","Washington","Oct",1,40.6,25.68411883
"2062","Washington","Oct",2,21.5,53.45739089
"2063","Washington","Oct",3,35.6,14.35523114
"2064","Washington","Oct",4,45.4,17.16379802
"2065","Washington","Sep",1,17,25.68411883
"2066","Washington","Sep",2,7.3,53.45739089
"2067","Washington","Sep",3,10.6,14.35523114
"2068","Washington","Sep",4,15.7,17.16379802
"2069","West Virginia","Apr",1,56.6,15.51044132
"2070","West Virginia","Apr",2,32.5,31.99651264
"2071","West Virginia","Apr",3,50.9,10.59907834
"2072","West Virginia","Apr",4,68.2,14.64275335
"2073","West Virginia","Aug",1,5.03333333333333,15.51044132
"2074","West Virginia","Aug",2,NA,31.99651264
"2075","West Virginia","Aug",3,1.1,10.59907834
"2076","West Virginia","Aug",4,1.4,14.64275335
"2077","West Virginia","Dec",1,51.1666666666667,15.51044132
"2078","West Virginia","Dec",2,28.2,31.99651264
"2079","West Virginia","Dec",3,44.8,10.59907834
"2080","West Virginia","Dec",4,61.1,14.64275335
"2081","West Virginia","Feb",1,55.6666666666667,15.51044132
"2082","West Virginia","Feb",2,30.7,31.99651264
"2083","West Virginia","Feb",3,49,10.59907834
"2084","West Virginia","Feb",4,66.7,14.64275335
"2085","West Virginia","Jan",1,54.4,15.51044132
"2086","West Virginia","Jan",2,29.3,31.99651264
"2087","West Virginia","Jan",3,47.7,10.59907834
"2088","West Virginia","Jan",4,64.3,14.64275335
"2089","West Virginia","Jul",1,NA,15.51044132
"2090","West Virginia","Jul",2,0,31.99651264
"2091","West Virginia","Jul",3,0,10.59907834
"2092","West Virginia","Jul",4,NA,14.64275335
"2093","West Virginia","Mar",1,56.6,15.51044132
"2094","West Virginia","Mar",2,32.2,31.99651264
"2095","West Virginia","Mar",3,49,10.59907834
"2096","West Virginia","Mar",4,67.8,14.64275335
"2097","West Virginia","May",1,56.6,15.51044132
"2098","West Virginia","May",2,32.5,31.99651264
"2099","West Virginia","May",3,50.9,10.59907834
"2100","West Virginia","May",4,69.1,14.64275335
"2101","West Virginia","Nov",1,46.5,15.51044132
"2102","West Virginia","Nov",2,26.9,31.99651264
"2103","West Virginia","Nov",3,41,10.59907834
"2104","West Virginia","Nov",4,56.2,14.64275335
"2105","West Virginia","Oct",1,35.8333333333333,15.51044132
"2106","West Virginia","Oct",2,17.7,31.99651264
"2107","West Virginia","Oct",3,31.6,10.59907834
"2108","West Virginia","Oct",4,44.5,14.64275335
"2109","West Virginia","Sep",1,12.7666666666667,15.51044132
"2110","West Virginia","Sep",2,4.1,31.99651264
"2111","West Virginia","Sep",3,6.8,10.59907834
"2112","West Virginia","Sep",4,10.8,14.64275335
"2113","Wisconsin","Apr",1,60.5,24.11164709
"2114","Wisconsin","Apr",2,40.4,47.50892956
"2115","Wisconsin","Apr",3,48.1,15.04400339
"2116","Wisconsin","Apr",4,66,17.59767279
"2117","Wisconsin","Aug",1,4.33333333333333,24.11164709
"2118","Wisconsin","Aug",2,NA,47.50892956
"2119","Wisconsin","Aug",3,NA,15.04400339
"2120","Wisconsin","Aug",4,NA,17.59767279
"2121","Wisconsin","Dec",1,54.7666666666667,24.11164709
"2122","Wisconsin","Dec",2,32.3,47.50892956
"2123","Wisconsin","Dec",3,42.6,15.04400339
"2124","Wisconsin","Dec",4,60.5,17.59767279
"2125","Wisconsin","Feb",1,58.1666666666667,24.11164709
"2126","Wisconsin","Feb",2,38.5,47.50892956
"2127","Wisconsin","Feb",3,46.7,15.04400339
"2128","Wisconsin","Feb",4,65.3,17.59767279
"2129","Wisconsin","Jan",1,56.1,24.11164709
"2130","Wisconsin","Jan",2,36.2,47.50892956
"2131","Wisconsin","Jan",3,46.1,15.04400339
"2132","Wisconsin","Jan",4,63.5,17.59767279
"2133","Wisconsin","Jul",1,NA,24.11164709
"2134","Wisconsin","Jul",2,NA,47.50892956
"2135","Wisconsin","Jul",3,NA,15.04400339
"2136","Wisconsin","Jul",4,NA,17.59767279
"2137","Wisconsin","Mar",1,59.4333333333333,24.11164709
"2138","Wisconsin","Mar",2,40.4,47.50892956
"2139","Wisconsin","Mar",3,47.3,15.04400339
"2140","Wisconsin","Mar",4,65.8,17.59767279
"2141","Wisconsin","May",1,60.5,24.11164709
"2142","Wisconsin","May",2,40.4,47.50892956
"2143","Wisconsin","May",3,48.4,15.04400339
"2144","Wisconsin","May",4,66,17.59767279
"2145","Wisconsin","Nov",1,50.9333333333333,24.11164709
"2146","Wisconsin","Nov",2,28.2,47.50892956
"2147","Wisconsin","Nov",3,40,15.04400339
"2148","Wisconsin","Nov",4,56.1,17.59767279
"2149","Wisconsin","Oct",1,38.1666666666667,24.11164709
"2150","Wisconsin","Oct",2,18.3,47.50892956
"2151","Wisconsin","Oct",3,28.5,15.04400339
"2152","Wisconsin","Oct",4,39.8,17.59767279
"2153","Wisconsin","Sep",1,13.9666666666667,24.11164709
"2154","Wisconsin","Sep",2,5.7,47.50892956
"2155","Wisconsin","Sep",3,6,15.04400339
"2156","Wisconsin","Sep",4,9.3,17.59767279
"2157","Wyoming","Apr",1,44.6,1.399515988
"2158","Wyoming","Apr",2,28,2.582771227
"2159","Wyoming","Apr",3,38.4,0.811492714
"2160","Wyoming","Apr",4,63.1,0.977292621
"2161","Wyoming","Aug",1,NA,1.399515988
"2162","Wyoming","Aug",2,NA,2.582771227
"2163","Wyoming","Aug",3,NA,0.811492714
"2164","Wyoming","Aug",4,1,0.977292621
"2165","Wyoming","Dec",1,40.5,1.399515988
"2166","Wyoming","Dec",2,24.7,2.582771227
"2167","Wyoming","Dec",3,35.7,0.811492714
"2168","Wyoming","Dec",4,56.4,0.977292621
"2169","Wyoming","Feb",1,44.3,1.399515988
"2170","Wyoming","Feb",2,27.4,2.582771227
"2171","Wyoming","Feb",3,38.1,0.811492714
"2172","Wyoming","Feb",4,60.2,0.977292621
"2173","Wyoming","Jan",1,43.2666666666667,1.399515988
"2174","Wyoming","Jan",2,27.4,2.582771227
"2175","Wyoming","Jan",3,37.8,0.811492714
"2176","Wyoming","Jan",4,58.8,0.977292621
"2177","Wyoming","Jul",1,NA,1.399515988
"2178","Wyoming","Jul",2,0,2.582771227
"2179","Wyoming","Jul",3,NA,0.811492714
"2180","Wyoming","Jul",4,NA,0.977292621
"2181","Wyoming","Mar",1,44.6,1.399515988
"2182","Wyoming","Mar",2,27.8,2.582771227
"2183","Wyoming","Mar",3,38.4,0.811492714
"2184","Wyoming","Mar",4,62.4,0.977292621
"2185","Wyoming","May",1,44.7333333333333,1.399515988
"2186","Wyoming","May",2,28,2.582771227
"2187","Wyoming","May",3,42.1,0.811492714
"2188","Wyoming","May",4,63.9,0.977292621
"2189","Wyoming","Nov",1,38.7,1.399515988
"2190","Wyoming","Nov",2,21.4,2.582771227
"2191","Wyoming","Nov",3,33.5,0.811492714
"2192","Wyoming","Nov",4,52.3,0.977292621
"2193","Wyoming","Oct",1,29.5666666666667,1.399515988
"2194","Wyoming","Oct",2,14.4,2.582771227
"2195","Wyoming","Oct",3,23.6,0.811492714
"2196","Wyoming","Oct",4,40.6,0.977292621
"2197","Wyoming","Sep",1,8.4,1.399515988
"2198","Wyoming","Sep",2,2.7,2.582771227
"2199","Wyoming","Sep",3,4.6,0.811492714
"2200","Wyoming","Sep",4,9.7,0.977292621
